1,2,3,5,6,7,14,16,17,18
2,3,4,5,6,7,8,9,10,11
1,3,5,6,7,8,10,11,12,13
1,2,3,4,5,6,7,8,9,10
1,2,3,5,6,7,8,9,10,12
1,2,3,5,6,7,8,9,10,11
1,2,3,4,5,6,7,8,9,10
1,2,3,4,5,6,7,8,9,10
1,2,3,6,7,8,9,10,11,12
1,2,3,5,6,7,8,9,10,11
1,2,3,5,6,7,8,9,10,11
1,2,3,4,5,6,7,8,9,10
1,2,3,5,6,7,8,9,10,11
1,2,3,4,5,6,7,8,10,11
1,2,3,5,6,7,8,9,10,11
1,2,3,5,6,7,8,9,11,13
1,2,3,4,5,6,7,8,9,11
1,2,6,7,8,10,11,12,13,14
1,2,3,5,6,7,8,9,10,11
1,2,3,5,6,7,8,9,10,11
1,2,3,6,7,8,9,10,12,13
1,2,3,5,6,7,8,9,10,11
1,2,3,5,6,7,8,9,10,11
2,3,5,6,7,8,9,10,11,12
1,2,3,5,6,7,8,9,10,11
1,2,6,7,8,10,11,12,13,14
2,3,6,7,8,10,11,12,13,14
1,2,3,5,6,7,8,9,10,11
2,3,5,6,7,8,9,10,11,12
1,2,3,5,6,7,8,9,10,11
1,2,3,5,6,7,8,9,10,11
2,3,5,6,7,8,9,10,11,12
1,2,3,4,5,6,7,8,9,10
1,2,3,5,6,7,8,9,10,11
1,2,3,5,6,7,8,9,10,11
1,2,3,5,6,7,8,9,10,11
1,2,3,4,5,6,7,8,9,10
1,2,3,4,5,6,7,8,9,10
1,2,3,5,6,7,8,9,10,11
1,2,3,4,5,6,7,8,9,10
1,2,3,4,6,7,8,9,10,11
1,2,3,5,6,7,8,9,10,11
1,2,3,5,6,7,8,9,10,11
1,2,3,6,7,8,10,11,12,13
1,2,3,5,6,7,8,9,10,11
1,2,3,5,6,7,8,9,10,11
1,2,3,5,6,7,8,9,10,11
1,2,4,5,6,7,8,9,10,11
1,2,3,4,6,7,8,9,10,11
2,3,5,6,7,8,9,10,11,12
1,2,3,4,5,6,7,8,9,10
1,2,3,5,7,8,9,10,11,12
1,2,3,6,7,8,9,10,11,12
1,2,3,4,5,6,7,8,9,10
1,2,3,5,6,7,8,9,10,11
1,2,3,6,7,8,9,10,11,12
1,2,3,5,6,7,8,10,11,12
1,2,3,4,5,6,7,8,10,11
1,2,3,4,5,6,7,8,9,10
1,2,3,5,6,7,8,9,11,13
1,2,3,6,7,8,9,10,11,12
1,2,6,7,8,9,10,12,13,14
2,3,5,6,7,8,9,10,11,12
1,3,4,5,6,7,8,10,11,12
1,2,4,5,6,7,8,9,10,11
1,2,3,6,7,8,9,10,11,12
2,3,6,7,8,9,10,11,12,13
1,2,3,5,6,7,8,9,10,11
1,2,3,5,6,7,8,9,10,11
1,2,3,5,6,7,8,9,11,13
1,2,3,6,7,8,9,10,11,12
1,2,3,6,7,8,9,10,11,12
1,2,3,4,5,7,8,9,10,11
1,2,3,5,6,7,8,9,10,11
1,2,3,5,6,7,8,9,11,12
2,3,5,6,7,8,9,10,11,12
1,3,6,7,8,9,10,11,12,13
1,2,3,6,7,8,9,10,11,12
1,2,3,5,6,7,8,9,10,11
1,2,4,6,7,8,9,10,11,12
1,2,3,5,6,7,8,9,10,11
1,2,3,4,5,6,7,8,9,10
1,2,3,6,7,8,9,10,11,12
1,2,3,5,6,7,8,9,10,11
2,5,6,7,8,9,10,11,12,13
1,2,3,4,5,6,7,8,9,10
1,2,3,4,5,6,7,8,9,10
1,2,3,4,5,6,7,8,9,10
1,2,3,5,6,7,8,9,10,11
1,2,3,5,6,7,8,9,10,11
1,2,3,5,6,7,8,9,10,11
1,2,3,5,6,7,8,9,10,11
1,2,3,5,6,7,8,9,10,11
1,2,3,4,5,6,7,8,9,10
1,2,3,5,6,7,8,9,10,11
1,2,3,5,6,7,8,9,10,11
2,3,4,5,7,9,10,11,12,13
1,2,3,4,6,7,8,9,10,11
1,2,3,5,6,7,8,9,10,11
1,2,3,5,6,7,8,9,11,12
2,3,4,5,6,7,8,9,10,11
1,2,3,5,6,7,8,9,10,11
1,2,3,5,6,7,8,10,11,12
1,2,3,6,7,8,9,10,11,12
1,2,3,6,7,8,9,10,11,12
2,3,5,6,7,8,9,10,11,12
1,2,3,5,6,7,8,9,10,11
1,2,3,6,7,8,10,11,12,13
1,2,3,4,5,6,7,8,9,10
1,2,3,5,6,7,8,9,10,11
1,2,3,4,5,6,7,8,9,10
1,2,3,6,7,8,9,10,11,12
1,2,3,6,7,8,9,10,11,12
1,2,3,5,6,7,8,10,11,12
2,3,4,6,7,8,9,10,11,12
1,2,3,5,6,7,8,9,10,11
1,2,3,5,6,7,8,10,11,12
1,2,3,6,7,8,10,11,12,13
1,2,3,6,7,8,9,10,11,12
2,3,5,6,7,8,9,10,11,12
1,2,3,4,5,6,7,8,9,10
1,2,3,5,6,7,8,9,10,11
1,2,3,5,6,7,8,9,10,11
1,2,3,5,6,7,8,9,11,13
1,2,4,5,6,7,8,9,10,11
1,2,3,4,5,6,7,8,9,10
2,3,5,6,7,8,9,10,11,12
1,2,3,5,6,7,8,9,10,11
1,2,3,6,7,8,9,11,12,13
1,2,3,5,6,7,8,9,10,11
2,3,5,6,9,10,11,12,14,16
1,2,3,4,6,7,8,9,10,11
1,2,3,6,7,8,9,10,11,12
1,2,3,5,6,7,8,9,10,11
1,2,3,5,6,7,10,11,12,13
1,2,3,4,5,6,7,8,9,10
1,2,3,5,6,7,8,9,10,12
1,2,3,5,6,7,8,10,11,12
2,3,6,7,8,9,10,11,12,13
1,2,3,6,7,8,9,10,11,12
1,2,3,4,5,6,7,8,10,11
1,2,3,5,6,7,8,9,10,11
1,2,3,5,6,7,8,9,10,11
1,2,4,5,6,7,8,9,10,11
1,2,3,5,6,7,8,9,10,11
1,2,3,5,6,7,8,9,10,11
1,2,3,4,5,6,7,8,9,13
1,2,3,6,7,8,9,10,11,12
1,2,3,5,6,7,8,9,11,13
1,2,3,4,5,6,7,8,9,10
1,2,3,6,7,8,9,10,11,12
1,2,3,5,6,7,8,10,11,12
1,2,3,4,5,6,7,8,9,10
1,2,3,4,5,6,7,8,9,10
1,2,3,5,6,7,8,9,10,11
1,2,3,4,5,6,7,8,9,10
2,3,5,6,7,8,9,10,11,12
1,2,3,5,6,7,8,9,10,11
2,3,5,6,7,8,10,11,12,13
1,2,3,5,6,7,8,9,10,11
1,2,3,4,5,6,7,8,9,10
1,2,3,5,6,7,8,10,11,12
2,3,4,5,6,7,8,9,10,11
1,2,4,5,6,7,8,9,10,11
2,3,5,6,7,8,9,10,11,12
1,2,3,6,7,8,9,10,11,12
1,2,3,4,5,6,7,8,9,11
1,2,3,4,6,7,8,9,10,11
1,2,3,5,6,7,8,9,11,12
1,2,3,5,6,7,8,9,10,11
1,2,3,5,6,7,8,10,11,12
1,2,3,6,7,8,9,10,11,12
1,2,4,5,6,7,8,10,11,12
1,2,3,4,5,6,7,8,9,10
1,2,3,5,6,7,8,9,10,11
1,2,3,4,5,6,7,8,9,10
1,2,3,5,6,7,8,9,10,11
1,2,3,5,6,7,8,9,10,11
1,2,3,4,6,7,8,9,10,11
2,3,5,6,7,8,9,10,11,12
2,3,4,5,6,7,8,9,10,11
2,3,4,6,7,8,10,11,12,13
1,2,3,5,6,7,8,9,10,11
1,2,3,6,7,8,9,10,11,12
2,3,6,7,8,9,10,11,12,13
1,2,3,5,6,7,8,9,10,11
1,2,4,5,6,7,8,10,11,12
1,2,3,6,7,8,10,11,12,13
1,2,3,5,6,7,8,9,10,11
1,2,3,5,6,7,8,9,10,11
1,2,3,5,6,7,8,9,10,11
1,2,3,4,5,6,7,8,9,10
1,2,3,5,6,7,8,9,10,11
2,3,6,7,8,9,10,11,12,13
1,2,3,6,7,8,9,10,11,12
1,2,3,5,6,7,8,9,10,11
1,2,3,5,6,7,8,9,10,11
1,2,3,4,5,6,7,8,9,10
1,2,3,6,7,8,9,10,12,13
1,2,3,4,5,6,7,8,9,10
1,2,3,4,5,6,7,8,9,10
1,2,3,5,6,7,8,9,10,11
1,2,3,5,6,7,8,9,10,11
1,2,3,6,7,8,9,10,11,12
1,2,3,5,6,7,8,9,10,11
1,2,3,4,5,6,7,8,9,10
1,2,3,5,6,7,9,10,11,12
1,2,3,6,7,8,9,10,11,12
1,2,3,5,6,7,8,9,10,11
1,2,3,6,7,8,9,10,11,12
1,2,3,5,6,7,8,9,10,11
1,2,3,4,5,6,7,8,9,10
1,2,3,5,6,7,8,9,11,13
1,2,3,4,5,6,7,8,9,10
1,2,3,4,5,6,7,8,9,10
1,2,3,5,6,7,8,9,10,11
1,2,3,5,6,7,8,9,10,11
1,2,3,4,5,6,7,8,9,10
1,2,3,6,7,8,9,10,11,12
1,2,3,4,5,6,7,8,9,10
1,2,4,6,7,8,9,10,11,12
1,2,3,5,6,7,8,9,10,11
1,2,3,5,6,7,8,9,11,13
1,2,6,7,8,9,10,11,12,13
1,2,3,6,7,8,9,10,11,12
1,2,3,4,5,6,7,8,9,10
1,2,3,5,6,7,8,9,10,11
1,2,3,4,5,6,7,8,9,11
1,2,3,6,7,8,9,10,11,12
1,2,3,6,7,8,9,10,11,12
1,2,4,5,6,7,8,9,10,11
2,3,5,6,7,8,9,10,11,12
1,2,3,5,6,7,8,10,11,12
1,2,3,5,6,7,8,9,10,11
1,2,3,5,6,7,8,9,10,11
1,2,3,5,6,7,8,9,10,11
1,2,3,5,6,7,8,9,10,11
1,2,3,4,5,6,7,8,9,10
1,2,3,5,6,7,8,9,11,13
1,2,3,4,6,7,8,9,10,11
1,2,3,4,5,6,7,8,9,10
1,2,3,4,6,7,8,9,10,11
1,2,3,6,7,8,10,11,12,13
1,2,3,4,5,6,7,8,9,11
1,2,3,5,6,7,8,9,10,11
1,2,3,4,6,7,8,9,10,11
1,2,3,4,5,6,7,8,9,10
1,2,3,6,7,8,9,10,11,12
1,2,3,4,5,6,7,8,9,10
1,2,3,4,5,6,7,8,9,10
2,3,4,5,6,7,8,9,10,11
1,2,3,4,5,6,7,8,9,11
1,2,3,4,6,7,8,9,10,11
1,2,3,4,5,6,7,8,9,10
1,2,3,5,6,7,8,9,10,11
1,2,3,5,6,7,8,9,10,11
1,2,4,6,7,8,9,10,11,12
1,2,3,4,5,6,7,8,9,10
1,2,3,5,6,7,8,9,10,11
1,2,3,5,6,7,8,9,10,11
1,2,3,5,6,7,8,9,10,11
1,2,3,4,6,7,8,9,10,11
1,2,3,5,6,7,8,9,10,11
1,2,3,6,7,8,9,10,11,12
1,2,3,4,5,6,7,8,9,10
1,2,3,5,6,7,8,9,10,11
1,2,5,6,7,8,9,10,11,12
1,2,3,4,5,6,7,8,9,10
1,2,3,5,6,7,8,9,10,11
1,2,3,5,6,7,8,9,10,11
1,2,3,5,6,7,8,9,10,11
1,2,3,4,5,6,7,8,10,11
1,2,3,6,7,8,10,11,12,13
1,2,3,4,6,7,8,9,10,11
1,2,3,4,5,6,7,8,9,10
1,2,3,5,6,7,8,9,10,11
1,2,3,6,7,8,10,11,12,13
1,2,3,5,6,7,8,9,10,12
1,2,3,4,5,6,7,8,9,10
2,3,4,5,6,7,8,9,10,11
2,3,5,6,7,8,9,10,11,12
1,2,3,6,7,8,9,10,11,12
1,2,3,5,6,7,8,9,10,11
1,2,3,5,6,7,8,9,10,11
1,2,3,6,7,8,9,10,11,12
1,2,3,5,6,7,8,9,11,13
1,2,3,4,5,6,7,8,9,10
1,2,3,5,6,7,8,9,10,11
1,2,3,5,6,7,8,9,10,11
1,2,3,6,7,8,10,11,12,13
1,2,3,6,7,8,9,10,11,12
1,2,3,5,6,7,8,9,10,11
1,2,3,4,5,6,7,8,9,10
1,2,3,4,5,6,7,8,9,10
1,2,3,4,5,6,7,8,9,10
1,2,3,5,6,7,8,9,10,11
1,2,3,5,6,7,8,9,10,11
1,2,3,4,5,6,7,8,9,10
1,2,3,5,6,7,8,9,10,11
1,2,4,5,6,7,8,9,10,11
1,2,3,5,6,7,8,9,10,11
1,2,3,5,6,7,8,9,10,11
1,2,3,6,7,8,9,10,11,12
1,2,3,5,6,7,8,9,10,11
1,2,3,4,5,6,7,8,9,10
1,2,3,6,7,8,9,10,11,12
1,2,3,5,6,7,8,9,10,11
1,2,3,5,6,7,8,9,11,13
2,3,5,6,7,9,11,13,14,15
2,3,7,8,9,10,11,12,13,14
1,2,3,4,5,6,7,8,9,10
1,2,3,6,7,8,9,10,11,12
1,2,3,5,6,7,8,9,10,11
1,2,3,5,6,7,8,9,10,11
1,2,3,4,5,6,7,8,9,10
1,2,3,4,5,6,7,8,9,10
2,3,5,6,7,8,9,10,11,12
1,2,3,4,5,6,7,8,9,10
1,2,3,6,7,8,10,11,12,13
1,2,3,4,5,6,7,8,9,10
1,2,3,5,6,7,8,9,10,11
1,2,3,6,7,8,9,10,11,12
1,2,3,5,6,7,8,9,11,13
1,2,3,4,6,7,8,9,10,12
1,2,3,5,6,7,8,9,11,13
1,2,3,6,7,8,10,11,12,13
1,2,3,5,6,7,8,9,10,11
1,2,3,4,5,6,7,8,9,10
1,2,3,4,5,6,7,8,9,10
1,2,3,6,7,8,9,10,11,12
1,2,3,5,6,7,8,9,10,11
1,2,3,5,6,7,8,9,13,14
2,3,4,5,6,7,8,9,10,11
2,3,5,6,7,8,9,10,11,12
2,4,5,6,7,8,9,10,11,12
2,3,4,5,6,8,9,11,12,13
1,2,3,4,5,6,7,8,9,10
1,2,3,4,5,6,7,8,9,11
1,2,3,4,6,7,8,9,10,11
1,2,3,6,7,8,10,11,12,13
1,2,3,5,6,7,8,9,10,11
1,2,3,4,5,6,7,9,10,11
2,3,5,6,7,8,9,10,11,12
1,2,3,4,6,7,8,9,10,11
2,3,5,6,7,8,9,10,11,12
1,2,3,5,6,7,8,9,11,12
1,2,3,6,7,8,9,10,11,12
1,2,3,6,7,8,9,10,11,12
1,2,3,4,5,6,7,8,9,11
1,2,3,4,5,6,7,8,9,10
1,2,3,4,5,6,7,8,9,10
1,2,3,4,6,7,8,9,10,11
1,2,3,5,6,7,8,9,10,11
1,2,3,5,6,7,8,9,10,11
1,2,3,4,5,6,7,8,9,10
2,3,6,7,8,9,10,11,12,13
1,2,3,5,6,7,8,9,10,11
2,3,5,6,7,8,9,10,11,12
1,2,3,5,6,7,8,10,11,12
2,3,5,6,7,8,9,10,11,12
1,2,3,4,6,7,8,9,10,11
2,3,5,7,8,9,10,11,12,13
1,2,3,4,5,6,7,8,9,10
1,2,3,5,6,7,8,9,10,11
1,2,3,6,7,8,9,10,11,12
1,2,3,5,6,7,8,9,10,11
1,2,3,5,6,7,8,10,11,12
1,2,3,5,6,7,8,9,10,11
1,2,3,4,6,7,8,9,10,11
1,2,3,5,6,7,8,9,10,11
1,2,3,5,6,7,8,9,10,11
1,2,3,6,7,8,9,10,11,12
2,3,6,7,8,9,10,11,12,13
1,2,3,5,6,7,8,9,10,11
1,2,3,4,5,6,7,8,9,10
1,2,3,4,5,6,7,8,9,10
1,2,6,7,8,9,10,11,12,13
1,2,3,6,7,8,9,10,11,12
1,2,3,5,6,7,8,9,10,11
1,2,4,5,6,7,8,9,10,11
2,3,5,7,8,9,10,11,12,13
1,2,3,5,6,7,8,10,11,12
1,2,3,5,6,7,8,9,11,12
1,2,3,5,6,7,8,9,11,12
1,2,3,4,5,6,7,8,9,10
1,2,3,5,6,7,8,9,10,11
1,2,3,4,5,6,7,8,9,10
1,2,3,5,6,7,8,9,10,11
2,3,5,6,7,8,9,10,11,12
1,2,3,4,5,6,7,8,9,10
1,2,3,5,6,7,8,9,10,11
1,2,4,5,6,7,8,9,10,11
1,2,3,4,6,7,8,9,10,11
1,2,3,5,6,7,8,9,11,12
1,2,3,4,5,6,7,8,9,10
1,2,3,4,5,6,7,8,9,10
1,2,3,5,6,7,8,9,10,11
1,2,3,5,6,7,8,9,10,11
1,2,3,5,6,7,8,9,11,13
1,2,3,5,6,7,8,9,10,11
1,2,3,6,7,8,9,10,11,12
1,2,3,5,6,7,8,9,10,11
1,2,3,4,5,6,7,8,9,10
1,2,3,6,7,8,9,10,11,12
1,2,3,5,6,7,8,10,11,12
1,2,3,4,6,7,8,9,10,11
1,2,3,5,6,7,8,9,10,11
1,2,3,4,5,6,7,8,9,10
1,2,3,5,6,7,8,9,10,11
2,3,6,7,8,9,10,12,13,14
1,2,3,4,5,6,7,8,9,11
1,2,3,5,6,7,8,9,10,11
1,2,3,6,7,8,9,10,11,12
1,2,3,4,5,6,7,8,9,10
2,3,6,7,8,9,10,11,12,13
1,2,3,4,5,6,7,8,9,11
2,3,5,6,7,8,9,10,11,12
1,2,3,4,5,6,7,8,9,10
1,2,3,4,5,6,7,8,10,11
1,2,3,5,6,7,8,10,11,12
1,2,3,5,6,7,8,9,10,11
1,2,3,5,6,7,8,9,10,11
2,3,5,6,7,8,9,10,11,12
1,2,3,4,5,6,7,8,9,10
1,2,3,4,5,6,7,8,9,10
1,2,3,4,5,6,7,8,9,10
1,2,3,5,6,7,8,9,10,11
1,2,3,6,7,8,10,11,12,13
1,2,3,4,5,6,7,8,9,10
1,2,3,6,7,8,9,10,11,12
1,2,3,5,6,7,8,9,10,11
1,2,3,5,6,7,8,10,11,12
1,2,3,5,6,7,8,9,10,11
1,2,3,4,5,6,7,8,9,10
1,2,3,5,6,7,8,9,11,13
1,2,3,6,7,8,9,10,11,12
1,2,3,5,6,7,8,9,10,11
1,2,3,5,6,7,8,9,10,11
1,3,6,7,8,9,10,11,12,13
1,2,3,5,6,7,8,9,10,11
2,3,4,5,6,7,8,9,10,11
1,2,3,5,6,7,8,9,10,11
1,3,4,6,7,8,9,10,11,12
2,3,6,7,8,9,10,11,12,13
2,3,5,6,7,8,9,10,11,12
1,2,3,5,6,7,8,9,11,12
2,3,5,6,7,8,9,10,11,12
1,2,3,6,7,8,9,10,11,12
1,2,3,5,6,7,8,9,10,11
1,2,3,5,6,7,8,9,11,13
1,2,3,4,5,6,7,8,9,10
2,3,5,6,7,8,10,11,12,13
1,2,3,6,7,8,10,11,12,13
2,3,6,7,8,9,10,11,12,13
1,2,3,5,6,7,8,9,10,11
1,2,3,4,5,6,7,8,10,11
1,2,3,6,7,8,10,11,12,13
1,2,3,5,6,7,8,9,11,13
1,2,3,5,6,7,8,9,10,11
1,2,3,5,6,7,8,9,10,11
1,2,3,5,6,7,8,9,10,11
1,2,3,5,6,7,8,9,10,11
1,2,3,4,5,6,7,8,9,10
1,2,3,4,5,6,7,8,9,10
1,2,3,4,5,6,7,8,9,10
1,2,3,6,7,8,9,10,11,12
1,2,3,5,6,7,8,9,11,13
2,3,5,6,7,8,9,10,11,13
1,2,3,6,7,8,9,10,11,12
2,3,5,6,7,8,9,10,11,12
1,2,3,5,6,7,8,9,10,11
1,2,3,5,6,7,8,9,10,11
1,2,3,5,6,7,8,9,10,11
1,2,3,5,6,7,8,9,10,11
1,2,3,6,7,8,9,10,11,12
1,2,3,5,6,7,8,9,10,11
1,2,3,5,6,7,8,9,10,11
1,2,3,5,6,7,8,9,11,13
1,2,3,5,6,7,8,9,10,11
1,2,3,4,5,6,7,8,9,10
2,3,6,7,8,9,10,11,12,13
1,2,3,5,6,7,8,9,10,11
1,2,3,4,5,6,7,8,9,10
1,2,3,4,5,6,7,8,9,10
1,2,3,4,5,6,7,8,9,11
1,2,3,5,6,7,8,9,10,11
1,2,3,6,7,8,9,10,11,12
1,2,3,4,5,6,7,8,9,11
1,2,3,6,7,8,9,10,11,12
1,2,5,6,7,8,10,11,12,13
1,2,3,4,5,6,7,8,9,10
1,2,3,5,6,7,8,9,10,11
2,3,5,6,7,8,9,10,11,12
1,2,3,5,6,7,8,9,10,11
1,2,3,4,5,6,7,8,9,10
2,5,6,7,8,9,10,11,12,13
1,2,3,5,6,7,8,9,10,11
1,2,3,5,6,7,8,9,10,11
2,3,5,6,7,8,9,10,11,12
1,2,3,4,5,6,7,8,9,10
1,2,3,4,5,6,7,8,9,10
1,2,3,4,5,6,7,8,9,10
1,2,3,5,6,7,8,9,10,11
1,2,3,5,6,7,8,9,11,13
1,2,3,4,5,6,7,8,9,10
1,2,3,4,5,6,7,8,9,10
2,3,5,6,7,8,9,10,11,12
1,2,3,5,6,7,8,9,10,11
2,3,5,6,9,10,11,12,14,16
1,2,3,6,7,8,9,10,11,12
1,2,3,5,6,7,8,9,10,11
1,2,3,4,5,6,7,8,9,10
1,2,3,4,5,6,7,8,9,10
2,3,5,6,7,8,9,10,11,12
1,2,4,5,6,7,8,9,10,11
1,2,3,4,5,6,7,8,9,10
1,2,3,4,5,6,7,8,9,10
1,2,3,6,7,8,10,11,12,13
2,3,5,7,8,9,10,11,12,13
1,2,5,6,7,8,9,10,11,12
2,4,6,7,8,10,11,12,13,14
1,2,3,5,6,7,8,9,10,11
1,2,3,4,5,6,7,8,9,10
2,3,5,6,7,8,9,10,11,12
1,2,3,5,6,7,8,9,10,11
1,2,3,4,5,6,7,8,9,11
1,2,3,5,6,7,8,9,10,11
1,2,3,4,5,6,7,8,9,10
1,2,3,5,6,7,8,9,10,11
1,2,3,5,6,7,8,10,11,12
1,2,3,5,6,7,8,9,10,11
1,2,3,5,6,7,8,9,10,12
2,4,5,6,7,8,9,10,11,12
1,2,5,6,7,8,9,10,11,12
1,2,3,4,5,6,7,8,9,10
1,2,3,5,6,7,8,9,10,11
1,2,3,4,6,7,8,9,10,11
1,2,3,5,6,7,8,9,10,11
1,2,3,4,5,6,7,8,9,10
1,2,3,5,6,7,8,9,11,13
1,2,3,5,6,7,8,10,11,12
1,2,6,7,8,9,10,11,12,13
2,3,5,6,7,8,10,11,12,13
1,2,3,5,6,7,8,9,10,11
2,3,6,8,9,10,11,12,14,16
1,2,3,5,6,7,8,9,10,11
1,2,3,4,5,6,7,8,9,10
1,2,3,4,5,6,7,9,10,11
1,2,3,5,6,7,8,9,10,11
1,2,3,6,7,8,9,10,11,12
2,3,5,6,7,8,9,10,11,12
2,3,5,6,7,8,9,10,12,13
2,3,5,6,7,8,9,10,11,12
1,2,3,5,6,7,8,9,10,11
1,2,3,4,5,6,7,8,9,10
1,2,3,5,6,7,8,9,11,12
1,2,3,5,6,7,8,9,11,13
1,2,3,5,6,7,8,9,10,11
1,2,3,4,5,6,7,8,10,11
1,2,3,5,6,7,8,9,10,11
2,3,5,6,7,8,9,10,11,12
1,2,3,5,6,7,8,9,10,12
1,2,3,4,5,6,7,8,9,10
1,2,3,5,6,7,8,9,10,11
1,2,3,5,6,7,8,9,10,11
2,3,6,7,8,10,11,12,13,14
1,2,3,4,5,6,7,8,9,10
1,2,3,4,5,6,7,8,9,10
1,2,3,5,6,7,8,9,11,12
2,3,5,6,7,8,9,10,11,12
1,2,3,5,6,7,8,9,10,11
1,2,3,5,6,7,8,10,11,12
2,3,4,5,6,7,8,9,10,11
1,2,3,5,6,7,8,9,10,11
1,2,3,4,5,6,7,10,11,12
2,3,5,6,7,9,10,11,12,13
1,2,3,4,5,6,7,8,9,10
1,2,3,6,7,8,9,10,11,12
1,2,3,5,6,7,8,9,10,12
1,2,3,5,6,7,8,9,10,11
2,3,6,7,8,9,10,11,12,13
1,2,3,5,6,7,8,9,10,11
2,3,5,6,7,8,9,10,11,12
2,3,6,7,8,10,11,12,13,14
2,3,4,5,6,7,8,9,10,11
1,2,3,5,6,7,8,9,10,11
1,2,3,4,5,6,7,8,9,10
1,2,3,5,6,7,8,9,10,11
1,2,3,6,7,8,9,10,11,12
2,3,5,6,7,9,10,11,13,15
1,2,3,6,7,8,9,10,11,12
1,2,3,4,6,7,8,9,10,11
1,2,3,4,5,6,7,8,9,10
2,3,5,6,7,8,9,10,11,12
1,2,3,5,6,7,8,9,10,11
2,3,5,6,9,10,11,12,14,16
1,2,4,5,6,7,8,9,10,11
1,2,3,4,5,6,7,8,9,10
1,2,3,5,6,7,8,9,11,13
1,2,3,6,7,8,10,11,12,13
1,2,3,4,5,6,7,8,9,10
1,2,3,6,7,8,10,11,12,13
1,2,3,5,6,7,8,9,10,11
2,3,5,6,7,8,9,10,12,13
1,2,3,5,6,7,8,10,11,12
1,2,3,5,6,7,8,9,10,11
1,2,3,5,6,7,8,9,11,12
1,2,3,5,6,7,8,9,10,11
1,2,4,5,6,7,8,9,10,11
1,2,3,5,6,7,8,9,10,11
1,2,3,4,5,6,7,8,9,10
1,2,3,4,5,6,7,8,9,10
1,2,3,4,5,6,7,8,9,10
1,2,3,4,5,6,7,8,9,11
1,2,3,5,6,7,8,9,10,11
1,2,3,4,5,6,7,8,9,10
1,2,3,5,6,7,8,10,11,12
1,2,3,4,5,6,7,8,9,10
1,2,3,4,5,6,7,8,9,10
1,2,3,5,6,7,8,9,10,11
1,2,3,5,6,7,8,10,11,12
1,2,4,5,6,7,8,9,10,11
1,2,3,5,6,7,8,9,10,11
1,2,3,6,7,8,9,10,11,12
1,2,3,5,6,7,8,9,10,11
2,3,4,5,6,7,9,10,11,12
1,2,3,4,5,6,7,8,9,10
1,2,3,4,5,6,7,8,9,10
2,3,5,6,7,8,10,11,12,13
2,3,4,5,6,7,8,9,10,11
1,2,3,4,5,6,7,8,9,10
1,2,3,4,5,6,7,8,9,10
1,2,3,5,6,7,8,9,11,13
1,2,3,6,7,8,9,10,11,12
1,2,3,5,6,7,8,9,10,11
1,2,3,5,7,8,10,11,12,13
1,2,3,5,6,7,9,10,11,12
1,2,3,5,6,7,8,9,10,11
1,2,3,5,6,7,8,9,10,11
1,2,3,5,6,7,8,9,11,12
1,2,3,6,7,8,9,10,11,12
1,2,3,4,5,6,7,8,9,10
1,2,3,4,5,6,7,8,9,11
2,3,5,6,7,8,9,10,11,12
1,2,3,5,6,7,8,9,11,12
1,2,3,4,5,6,7,8,9,10
1,2,3,5,6,7,8,9,10,11
3,6,7,8,9,10,11,12,13,14
1,2,3,6,7,8,9,10,11,12
1,2,3,4,5,6,7,8,9,10
1,2,3,5,6,7,8,10,11,12
2,3,5,6,7,8,9,10,11,12
1,2,3,5,6,7,8,10,11,12
1,2,6,7,8,9,10,11,12,13
2,3,5,6,7,8,9,10,11,12
1,2,3,4,5,6,7,8,9,10
2,3,5,6,7,8,10,11,12,13
1,2,3,4,5,6,7,8,9,10
1,2,3,5,6,7,8,9,10,11
1,2,3,6,7,8,9,10,11,12
1,2,3,5,6,7,8,9,10,11
1,2,3,6,8,10,11,12,14,16
1,2,3,5,6,7,9,10,11,12
1,2,3,5,6,7,8,9,10,11
1,2,3,5,6,7,8,9,10,11
1,2,3,4,5,6,7,8,9,10
1,2,4,5,6,7,8,9,10,11
2,3,4,5,6,7,8,9,10,11
1,2,3,5,6,7,8,9,10,11
1,2,3,5,6,7,8,9,10,11
2,5,6,7,8,9,10,11,12,13
1,2,3,5,6,7,8,9,10,11
1,2,3,4,5,6,7,8,9,10
2,3,4,6,7,8,9,10,11,12
1,2,3,5,6,7,8,9,10,12
1,2,3,4,5,6,7,8,9,10
3,6,7,8,9,10,11,12,13,14
1,2,3,5,6,7,8,9,10,11
1,2,3,4,6,7,8,9,10,12
2,3,5,6,7,8,9,10,11,12
1,2,3,5,6,7,8,9,10,11
1,2,3,5,6,7,8,9,11,12
1,2,3,5,6,7,8,9,10,11
1,2,3,4,5,6,7,8,9,10
1,2,3,5,6,7,8,9,10,11
2,3,6,7,8,9,10,11,12,13
1,2,5,6,7,8,9,10,11,12
1,2,3,4,5,6,7,8,9,10
1,2,3,5,6,7,8,9,10,11
1,2,3,5,6,7,8,9,10,11
1,2,3,4,5,6,7,8,9,10
1,2,3,6,7,8,9,10,11,12
1,2,3,5,6,7,8,9,10,11
1,2,3,5,6,7,8,9,10,11
1,2,3,4,5,6,7,8,9,10
1,2,3,5,6,7,8,9,10,12
1,2,3,5,6,7,8,9,10,11
1,2,3,5,6,7,8,9,11,12
1,2,3,4,5,6,7,8,9,10
1,2,3,5,6,7,8,9,10,11
2,3,5,6,9,10,11,12,14,16
1,2,3,4,5,6,7,8,9,10
2,3,4,5,6,7,8,9,10,11
1,2,3,4,5,6,7,8,9,11
1,2,3,5,6,7,8,10,11,12
1,2,3,4,5,6,7,8,10,11
1,2,3,6,7,8,10,11,12,13
1,2,3,5,6,7,8,9,10,11
1,2,3,4,5,6,7,8,9,10
1,2,3,4,5,6,7,8,9,10
1,2,3,5,6,7,8,9,10,11
1,2,3,4,5,6,7,8,9,10
1,2,3,4,5,6,7,8,10,11
1,2,3,5,6,7,8,9,10,11
1,2,3,5,6,7,8,9,10,11
2,3,5,6,7,8,9,10,11,12
1,2,3,4,5,6,7,8,9,10
1,2,3,4,5,6,7,8,9,10
2,3,5,6,7,8,9,10,11,12
1,2,3,4,5,6,7,8,9,10
1,2,3,5,6,7,8,10,11,12
1,2,3,4,6,7,8,9,10,11
1,2,3,4,5,6,7,8,9,11
2,3,4,5,6,7,8,9,10,11
1,2,3,4,5,6,7,8,9,10
1,2,3,4,5,6,7,8,9,10
1,2,3,5,6,7,8,9,11,13
1,2,3,5,6,7,8,10,11,12
1,2,3,6,7,8,9,10,11,12
1,2,3,4,5,6,7,8,9,10
1,2,3,4,5,6,7,8,9,10
1,2,3,5,6,7,8,9,10,11
1,2,3,4,5,6,7,8,9,10
1,2,3,4,5,6,7,8,9,10
1,2,3,5,6,7,8,9,11,13
1,2,3,6,7,8,9,10,11,12
1,3,4,5,6,7,8,9,10,11
1,2,3,4,5,6,7,8,9,10
1,2,3,5,6,7,8,9,10,11
1,2,3,4,5,6,7,8,9,10
1,2,3,6,7,8,10,11,12,13
1,2,3,5,6,7,8,9,10,11
1,2,3,5,6,7,8,9,10,11
2,3,5,6,7,8,9,10,11,12
1,2,3,5,6,7,8,9,10,11
1,2,5,6,7,8,10,11,12,13
1,2,3,5,6,7,8,9,11,12
1,2,3,5,6,7,8,9,11,12
2,3,5,6,7,8,9,10,11,12
1,2,3,5,6,7,8,9,10,11
1,2,3,4,5,6,7,8,9,10
1,2,3,5,6,7,8,9,13,14
1,2,3,5,6,7,8,9,10,11
2,3,5,6,7,8,10,11,12,13
1,2,3,4,6,7,8,10,11,12
1,2,3,4,5,6,7,8,9,10
1,2,4,5,6,7,8,10,11,12
1,3,5,6,7,8,10,11,12,13
1,2,3,4,5,6,7,8,9,10
1,2,3,4,6,7,8,9,10,11
2,3,5,6,7,9,11,13,14,15
1,2,3,5,6,7,8,9,10,11
1,2,3,4,5,6,7,8,9,10
2,3,4,5,6,7,8,9,10,11
1,2,3,5,6,7,8,9,10,11
1,2,3,5,6,7,8,9,10,11
2,3,5,6,7,8,10,11,12,13
1,2,5,6,7,8,9,10,11,12
1,2,3,4,5,6,7,8,10,11
2,3,4,5,6,7,8,9,10,11
1,2,3,4,5,6,7,8,9,10
1,2,3,5,6,7,8,9,10,11
1,2,3,5,6,7,8,9,13,14
1,2,3,5,6,7,8,9,10,11
1,2,3,5,6,7,8,9,10,11
1,2,3,5,6,7,8,10,11,12
1,2,3,6,7,8,9,10,11,12
1,2,3,5,6,7,8,9,10,11
1,2,3,6,7,8,9,10,11,12
2,3,5,6,7,8,9,10,11,12
1,2,3,5,6,7,8,9,10,11
1,2,3,5,6,7,8,9,10,11
1,2,3,5,6,7,8,9,10,11
1,2,3,5,6,7,8,10,11,12
1,2,3,5,6,7,8,9,10,11
1,2,3,5,6,7,8,9,10,11
2,3,4,5,6,7,8,9,10,11
1,2,3,5,6,7,8,9,10,11
1,2,3,5,6,7,8,9,10,11
1,2,3,4,5,6,7,8,9,10
1,2,3,4,5,6,7,8,9,11
1,2,3,6,7,8,9,10,11,12
1,2,3,5,6,7,8,9,10,11
1,2,3,5,6,7,8,9,10,11
1,2,3,5,6,7,8,9,10,11
1,2,3,6,7,8,9,10,11,12
1,2,3,4,5,6,7,8,9,11
1,2,3,5,6,7,8,10,11,12
1,2,3,4,5,6,7,8,9,10
1,2,3,4,5,6,7,8,9,10
1,2,4,6,7,8,9,10,11,12
1,2,3,4,5,6,7,8,9,10
1,2,3,5,6,7,8,11,12,13
1,2,3,5,6,7,8,9,10,11
1,2,3,5,6,7,8,10,11,12
1,2,3,4,6,7,8,9,10,11
1,2,3,5,6,7,8,9,10,11
1,2,3,4,5,6,7,8,9,10
1,2,3,5,6,7,8,9,10,11
1,2,3,5,6,7,8,10,11,12
1,2,3,5,6,7,8,9,11,12
1,2,3,5,6,7,8,9,10,11
1,2,3,5,6,7,8,9,10,11
1,2,3,4,5,6,7,8,9,10
1,2,4,6,7,8,9,10,11,12
1,2,3,5,6,7,8,9,10,11
2,3,5,6,7,8,9,10,11,12
1,2,3,5,6,7,8,9,11,13
1,2,3,4,5,6,7,8,9,10
1,2,3,5,6,7,8,9,10,11
1,2,3,5,6,7,8,9,10,11
1,2,3,5,6,7,8,9,10,11
1,2,3,5,6,7,8,9,10,11
1,2,3,5,6,7,8,9,10,11
1,2,3,4,5,6,7,8,9,10
1,2,3,5,6,7,8,9,10,11
1,2,3,4,6,7,8,9,10,11
1,2,3,4,5,6,7,8,9,10
1,2,3,5,6,7,8,9,10,11
2,3,5,6,7,8,9,10,11,12
1,2,3,6,7,8,9,10,11,12
1,2,3,5,6,7,8,9,10,12
1,2,3,4,6,7,8,10,11,12
1,2,3,5,6,7,8,9,10,11
1,2,3,5,6,7,8,9,10,11
1,2,3,5,6,7,8,9,10,11
1,2,3,5,6,7,8,9,10,11
1,2,3,4,5,6,7,8,9,10
1,2,3,4,5,6,7,8,9,10
1,2,3,4,6,7,8,9,10,11
1,2,3,4,5,6,7,8,9,10
1,2,3,5,6,7,8,9,10,11
1,2,4,6,7,8,9,10,11,12
2,6,7,8,9,10,11,12,13,14
1,2,3,4,5,6,7,8,9,10
1,2,3,5,6,7,8,9,13,14
1,2,3,5,6,7,8,9,10,11
1,2,3,6,7,8,9,10,11,12
1,2,3,5,6,7,8,10,11,12
1,2,3,4,5,6,7,8,9,10
1,2,3,5,6,7,8,9,10,11
1,2,3,5,6,7,8,10,11,12
2,3,5,6,7,8,9,10,11,12
1,2,3,6,7,8,9,10,11,12
1,2,3,4,5,6,7,8,9,10
1,3,5,6,7,8,9,10,12,13
1,2,3,5,6,7,8,9,10,11
1,2,3,4,5,6,7,8,9,10
1,2,4,5,6,7,8,9,10,11
1,2,3,4,5,6,7,8,9,10
1,2,3,6,7,8,9,10,11,12
1,2,3,5,6,7,8,9,10,11
1,2,3,5,6,7,8,9,10,11
1,2,3,5,6,7,8,9,10,11
1,2,3,4,5,6,7,8,9,10
1,2,3,4,5,6,7,8,9,10
1,2,3,5,6,7,8,9,10,11
1,2,3,5,6,7,8,9,10,11
1,2,3,5,6,7,8,9,10,11
2,3,4,5,6,7,8,9,11,13
1,2,3,5,6,7,8,9,11,13
2,3,5,6,7,8,9,10,11,12
1,2,3,5,6,7,8,9,10,11
1,2,3,6,7,8,10,11,12,13
1,2,3,5,6,7,8,9,10,11
1,2,3,6,7,8,9,10,11,12
1,2,3,5,6,7,8,9,10,11
2,3,7,8,10,11,12,13,14,15
1,2,3,6,7,8,9,10,11,12
1,2,3,5,6,7,8,10,11,12
1,2,3,6,7,8,9,10,12,13
1,2,3,4,5,6,7,8,9,10
1,2,3,5,6,7,8,9,10,11
1,2,3,5,6,7,8,9,10,11
1,2,3,5,6,7,8,9,11,13
1,2,3,4,5,6,7,8,9,10
2,3,5,6,7,8,9,10,11,12
2,3,5,6,7,8,9,11,13,15
1,2,3,5,6,7,8,9,11,13
1,2,3,6,7,8,9,10,11,12
1,2,3,4,6,7,8,9,10,11
1,2,3,5,6,7,8,9,10,11
1,2,3,4,5,6,7,8,9,10
2,3,5,6,7,9,10,11,12,13
2,3,5,6,7,9,10,11,13,14
1,2,3,4,5,6,7,8,9,10
1,2,3,5,6,7,8,9,10,11
1,2,3,5,6,7,8,9,11,13
2,3,5,6,7,8,9,10,11,12
1,2,3,5,6,7,8,9,10,11
1,2,3,4,5,6,7,8,9,10
1,2,3,6,7,8,9,10,11,12
1,2,3,5,6,7,8,10,11,12
1,2,3,4,5,6,7,8,9,10
1,2,3,5,6,7,8,9,10,11
1,2,3,6,7,8,9,10,11,12
1,2,3,5,6,7,8,9,10,11
1,2,3,4,5,6,7,8,9,10
1,2,3,5,6,7,8,9,10,11
1,2,4,5,6,7,8,9,10,12
1,2,3,5,6,7,8,9,10,11
1,2,3,4,5,6,7,8,9,10
1,2,3,5,6,7,8,9,10,11
1,2,3,5,6,7,9,10,11,13
1,2,3,5,6,7,8,9,10,11
1,2,3,6,7,8,10,11,12,13
1,2,3,5,6,7,8,9,10,11
1,2,3,5,6,7,8,9,10,11
1,2,3,5,6,7,8,9,10,11
1,2,3,4,5,6,7,8,9,10
1,2,3,5,6,7,8,10,11,12
1,2,3,5,6,7,8,9,10,11
1,2,3,5,6,7,8,9,10,11
2,3,4,5,6,7,8,9,10,11
1,2,3,5,6,7,8,9,10,11
1,2,3,4,5,6,7,8,9,10
1,2,3,5,6,7,8,9,10,11
1,2,3,5,6,7,8,9,11,13
1,2,3,5,6,7,8,9,10,11
1,2,3,6,7,8,9,10,11,12
1,2,3,5,6,7,8,9,10,11
1,2,3,4,5,6,7,8,9,10
1,2,3,5,6,7,8,9,10,11
2,3,5,6,7,9,10,11,12,13
1,2,3,6,7,8,9,10,12,13
1,2,3,6,7,8,9,10,11,12
1,2,4,6,7,8,9,10,11,12
1,2,3,5,6,7,8,10,11,12
2,3,6,7,8,9,10,11,12,13
1,2,3,4,6,7,8,10,11,12
1,2,3,4,5,6,7,8,10,11
1,2,3,6,7,8,9,10,11,12
1,2,3,4,5,6,7,8,9,10
1,2,3,5,6,7,8,9,10,11
1,2,3,5,6,7,8,9,10,11
1,2,3,5,6,7,8,9,10,11
1,2,3,4,5,6,7,8,9,10
1,2,3,5,6,7,8,9,10,11
1,2,3,5,6,7,8,9,10,11
1,2,3,5,6,7,8,9,10,11
2,3,5,6,7,9,10,11,12,13
1,2,3,5,6,7,10,11,12,14
1,2,3,4,5,6,7,8,9,10
1,2,3,5,7,8,9,10,11,12
1,2,3,4,5,6,7,8,9,10
1,2,3,4,5,6,7,8,9,10
1,2,3,5,6,7,8,9,10,11
1,2,3,4,5,6,7,8,9,10
1,2,3,5,6,7,8,9,11,12
1,2,3,4,5,6,7,8,9,10
1,2,3,4,6,7,8,9,10,11
1,2,3,5,6,7,8,9,10,11
1,2,3,5,6,7,8,9,10,11
1,2,3,6,7,8,9,10,11,12
1,2,3,4,5,6,7,8,9,10
1,2,3,5,6,7,8,9,10,11
1,2,4,5,6,7,8,9,10,11
1,2,3,4,5,6,7,8,9,10
1,2,3,4,5,6,7,8,9,10
1,2,5,6,7,8,9,10,11,12
1,2,3,5,6,7,8,9,11,12
1,2,3,6,7,8,9,10,11,12
1,2,3,5,6,7,8,9,10,11
1,2,3,6,7,8,9,10,11,12
2,3,5,6,7,8,9,11,12,13
1,2,3,5,6,7,8,10,11,12
1,2,3,5,6,7,8,9,10,11
1,2,3,5,6,7,8,9,10,11
1,2,3,5,6,7,8,9,10,11
1,2,3,5,6,7,8,9,10,11
1,2,3,4,5,6,7,8,9,10
1,2,3,5,6,7,8,9,10,11
1,2,3,6,7,8,9,10,11,12
2,3,5,6,7,8,9,10,11,12
1,2,3,6,7,8,10,11,12,13
1,2,3,4,5,6,7,8,9,10
1,2,3,5,6,7,8,9,10,11
1,2,3,5,6,7,8,9,10,12
1,2,3,5,6,7,8,9,10,11
1,2,3,4,5,6,7,8,9,10
1,2,3,6,7,8,9,10,11,12
2,3,6,7,8,9,10,11,12,13
1,2,3,4,6,7,8,10,11,12
1,2,3,5,6,7,8,9,10,11
1,2,6,7,8,9,10,11,12,13
2,3,5,6,7,8,9,10,12,13
1,2,3,4,5,6,7,8,9,10
2,3,5,6,7,8,9,10,11,12
1,2,3,5,6,7,8,9,10,11
1,2,3,5,6,7,8,9,10,11
1,2,3,6,7,8,10,11,12,13
1,2,3,6,7,8,10,11,12,13
1,2,4,5,6,7,8,9,10,11
1,2,3,5,6,7,8,9,10,11
1,2,3,4,6,7,8,9,10,11
1,2,3,6,7,8,9,10,11,12
1,2,3,5,6,7,8,9,10,11
2,3,5,6,7,8,9,10,11,12
2,4,5,6,7,8,9,10,11,12
1,2,3,5,6,7,8,9,10,11
1,2,3,4,5,6,7,8,9,10
2,4,5,6,7,8,10,11,12,13
1,2,3,4,5,6,7,8,9,10
1,2,3,5,6,7,8,9,10,11
1,2,3,5,6,7,8,9,10,12
1,2,3,5,6,7,8,9,10,11
1,2,3,4,5,6,7,8,9,10
1,2,4,6,7,8,9,10,11,12
1,2,3,5,6,7,8,9,10,11
1,2,3,4,5,6,7,8,9,10
1,2,3,4,6,7,8,9,10,11
1,2,5,6,7,8,10,11,12,13
1,2,3,4,5,6,7,8,9,10
1,2,3,5,6,7,8,9,10,11
1,2,3,5,6,7,8,9,10,11
1,2,3,4,6,7,8,9,10,11
1,2,3,6,7,8,9,10,12,13
1,2,3,5,6,7,8,9,10,12
1,2,4,6,7,8,9,10,11,12
1,2,3,5,6,7,8,10,11,12
1,2,3,6,7,8,9,10,11,12
1,2,3,4,5,6,7,8,10,11
1,3,6,7,8,10,12,13,14,15
1,2,4,5,6,7,8,9,10,11
1,2,3,5,6,7,8,9,10,11
1,2,3,5,6,7,8,10,11,12
1,2,3,5,6,7,8,9,10,11
1,2,3,4,5,6,7,8,9,10
1,2,3,4,5,6,7,8,9,10
2,3,6,7,8,9,10,11,12,13
1,2,3,5,6,7,8,9,10,12
1,2,3,5,6,7,8,9,10,11
1,2,3,6,7,8,9,10,11,12
1,2,3,5,6,7,8,9,10,11
1,2,3,5,6,7,8,10,12,13
1,2,3,4,5,6,7,10,11,12
2,3,6,7,8,9,10,11,12,13
1,2,3,5,7,8,9,10,11,12
1,2,4,5,6,7,8,9,10,11
2,3,5,6,7,8,9,10,11,12
1,2,3,5,6,7,8,10,11,12
1,2,3,5,6,7,8,10,11,12
1,2,3,5,6,7,8,9,11,13
1,2,3,4,5,6,7,8,9,11
1,2,3,4,5,6,7,8,9,10
1,2,3,5,6,7,8,10,11,12
1,2,3,4,6,7,8,9,10,11
1,2,3,5,6,7,8,10,11,12
1,2,4,6,7,8,9,10,11,12
1,2,3,5,6,7,8,9,11,13
1,2,3,4,6,7,8,9,10,11
2,3,5,6,7,8,10,11,12,13
1,2,3,6,7,8,9,10,11,12
1,2,3,5,6,7,8,9,11,13
1,2,3,4,5,6,7,8,9,10
1,2,3,4,5,6,7,8,9,10
2,3,5,6,7,8,9,10,11,12
2,3,5,6,7,8,9,10,11,12
1,2,3,5,6,7,8,9,10,11
2,3,4,5,6,7,8,9,10,11
1,2,3,5,6,7,8,9,10,11
3,4,5,6,7,8,9,10,11,12
1,2,3,5,6,7,8,9,10,11
2,3,6,7,8,9,10,11,12,13
1,2,3,5,6,7,8,9,11,12
1,2,3,5,6,7,8,9,10,11
1,2,3,5,6,7,8,9,10,11
1,2,3,5,6,7,8,9,10,11
1,2,3,4,6,7,8,10,11,12
1,2,3,5,6,7,8,9,10,11
1,2,3,5,6,7,8,9,10,11
1,2,3,5,6,7,8,9,10,11
1,2,3,4,5,6,7,8,9,10
1,2,3,5,6,7,8,9,10,11
1,2,3,5,6,7,8,9,10,11
1,2,3,4,5,6,7,8,9,10
1,2,3,5,6,7,8,9,10,11
1,2,3,4,5,6,7,8,9,10
1,2,3,5,6,7,8,10,11,12
1,2,3,5,6,7,8,10,11,12
1,2,3,6,7,8,9,10,11,12
1,2,6,7,8,9,10,11,12,13
1,2,3,6,7,8,9,10,11,12
1,2,3,5,6,7,8,10,11,12
1,2,3,4,5,6,7,8,9,10
1,2,3,5,6,7,8,10,11,12
1,2,3,5,6,7,8,9,10,11
1,2,3,6,7,8,9,10,11,12
1,2,3,6,7,8,9,10,11,12
1,2,3,4,5,6,7,8,9,10
2,3,5,6,7,8,9,11,13,14
1,2,3,4,5,6,7,8,9,10
1,2,3,6,7,8,10,11,12,13
1,2,3,5,6,7,8,9,10,11
2,3,6,7,8,9,10,11,12,13
1,2,3,5,6,7,8,9,11,13
1,2,3,5,6,7,8,9,10,11
1,2,3,5,6,7,8,9,11,13
1,2,3,5,6,7,8,9,10,11
1,2,3,5,6,7,8,9,10,11
1,2,3,4,5,6,7,8,9,10
1,2,3,4,5,6,7,8,9,10
1,2,3,5,6,7,8,9,10,11
1,2,3,5,6,7,8,10,11,12
1,2,6,7,8,9,10,12,13,14
1,2,3,5,6,7,8,9,10,11
1,2,3,5,6,7,8,9,10,11
1,2,3,6,7,8,9,10,11,12
1,2,3,4,5,6,7,8,9,10
1,2,3,5,6,7,8,9,10,11
2,3,5,6,7,8,10,11,12,13
1,2,3,6,7,8,9,10,12,13
1,2,3,5,6,7,8,9,10,11
1,2,3,5,6,7,8,9,10,11
1,2,3,5,6,7,8,9,10,11
1,2,3,4,5,6,7,8,9,10
1,2,3,5,6,7,8,9,10,11
1,2,5,6,7,8,9,10,11,12
1,2,4,5,6,7,8,9,10,11
1,2,3,5,6,7,8,10,11,12
1,2,3,4,5,6,7,8,9,10
2,3,4,5,6,7,8,9,10,11
1,2,3,5,6,7,8,9,10,11
1,2,3,5,6,7,8,9,10,11
1,2,3,4,5,6,7,8,9,10
1,2,3,5,6,7,8,9,10,11
1,2,3,5,6,7,8,9,10,11
1,2,3,4,6,7,8,9,10,11
1,2,4,5,6,7,8,10,11,12
1,2,4,5,6,7,8,9,10,11
2,4,5,6,7,8,10,11,12,13
1,2,3,4,5,6,7,8,9,10
1,2,3,6,7,8,9,10,11,12
2,3,5,6,7,8,9,10,11,12
1,2,3,4,5,6,7,8,9,11
1,2,3,5,6,7,8,9,10,11
2,3,5,6,7,8,9,10,11,12
1,2,3,5,6,7,8,9,10,11
1,2,3,4,5,6,7,8,9,10
1,2,3,5,6,7,8,9,10,11
1,2,3,4,6,7,8,9,10,11
1,2,5,6,7,8,10,11,12,13
1,2,3,5,6,7,8,9,10,11
2,3,6,7,8,9,10,11,12,13
1,2,3,5,6,7,8,9,10,11
1,2,3,6,7,8,9,10,11,12
1,2,3,4,5,6,7,8,9,10
1,2,3,5,6,7,8,9,10,11
1,2,3,4,5,6,7,8,9,10
1,2,3,5,6,7,8,9,10,11
1,2,3,6,7,8,9,10,11,12
1,2,3,5,6,7,8,9,10,11
1,2,3,5,6,7,8,9,10,11
2,3,6,7,8,9,10,11,12,13
2,3,5,6,7,8,9,10,11,12
1,2,3,5,6,7,9,10,11,12
2,3,6,7,8,9,10,11,12,13
2,3,5,6,7,8,9,10,11,12
1,2,3,5,6,7,8,9,10,11
1,2,3,4,5,6,7,8,10,11
1,2,3,4,6,7,8,9,10,11
1,2,3,4,5,6,7,8,9,10
1,2,3,4,5,6,7,8,9,11
1,2,3,5,6,7,8,9,10,11
1,2,3,5,6,7,8,9,10,11
1,2,3,5,6,7,8,9,10,11
1,2,3,5,6,7,8,9,10,11
1,2,3,6,7,8,9,10,11,12
1,2,3,5,6,7,8,9,10,11
1,2,3,5,6,7,8,9,10,11
1,2,3,4,5,6,7,8,9,11
1,2,3,4,5,6,7,8,9,10
1,2,3,5,6,7,8,9,10,11
1,2,3,5,6,7,8,9,10,11
2,3,5,6,7,8,9,11,12,13
1,2,3,4,5,6,7,8,9,10
1,2,3,5,6,7,8,9,11,12
1,2,3,5,6,7,8,9,10,11
1,2,3,5,6,7,8,9,10,11
1,2,3,5,6,7,8,9,10,11
2,3,5,6,7,8,9,10,11,12
1,2,5,6,7,8,9,10,11,12
1,2,3,5,6,7,8,10,11,12
1,2,3,5,6,7,8,10,11,12
2,3,5,6,7,8,9,10,11,12
1,2,3,5,6,7,8,9,10,11
2,3,5,6,7,8,10,11,12,13
1,2,3,6,7,8,9,10,11,12
1,2,3,5,6,7,8,9,10,11
1,2,3,4,5,6,7,8,9,10
1,2,3,5,6,7,8,9,10,11
1,2,3,5,6,7,8,10,11,12
1,2,3,5,6,7,8,9,10,12
1,2,3,6,7,8,9,10,11,12
1,2,3,5,6,7,8,10,11,12
2,3,5,6,7,8,10,11,12,13
1,2,3,5,6,7,8,9,11,12
1,2,3,5,6,7,8,9,10,11
1,2,3,5,6,7,8,9,10,11
1,2,3,4,5,6,7,8,9,10
2,3,5,6,7,8,9,10,11,12
1,2,3,6,7,8,10,11,12,13
1,2,3,4,5,6,7,8,9,10
1,2,3,5,6,7,8,9,10,11
1,2,4,5,6,7,8,9,10,12
1,2,3,6,7,8,9,10,11,12
1,2,4,5,6,7,8,9,10,11
1,2,3,4,5,6,7,8,9,10
1,2,3,5,6,7,8,9,11,13
1,2,3,5,6,7,8,10,11,12
1,2,3,5,6,7,8,9,10,11
1,2,3,4,5,6,7,8,9,10
1,2,3,6,7,8,9,10,11,12
1,2,3,6,7,8,9,10,11,12
1,2,3,5,6,7,8,10,11,12
1,2,3,5,6,7,8,9,10,11
1,2,3,5,6,7,8,9,10,11
2,3,5,6,7,8,9,10,11,12
2,3,5,6,7,8,9,10,11,12
1,2,3,6,7,8,9,10,11,12
1,2,3,5,6,7,8,9,10,11
1,2,3,5,6,7,8,10,11,12
1,2,3,6,7,8,9,10,11,12
2,3,5,7,8,9,10,11,12,13
1,2,3,5,6,7,8,9,10,11
1,2,3,5,6,7,8,9,10,11
1,2,3,5,6,7,8,9,10,11
1,2,3,5,6,7,8,9,10,11
1,2,3,5,6,7,8,10,11,12
1,2,3,5,6,7,8,9,10,11
1,2,3,5,6,7,8,9,10,11
2,3,6,7,8,9,10,11,12,13
1,2,3,5,6,7,8,10,12,13
1,2,3,4,5,7,8,9,10,11
1,2,3,5,6,7,8,9,10,11
1,2,3,4,5,6,7,8,9,10
1,2,3,4,5,6,7,8,9,11
1,2,3,5,6,7,8,9,10,11
1,2,3,4,5,6,7,8,9,10
1,2,3,5,6,7,8,9,10,11
1,2,3,4,5,6,7,8,9,11
1,2,3,5,6,7,8,9,11,13
1,2,3,4,5,6,7,8,9,10
1,2,3,4,5,6,7,8,9,10
1,2,3,5,6,7,8,9,10,11
1,2,3,5,6,7,8,9,10,11
1,2,3,5,6,7,8,9,10,11
1,2,3,4,5,6,7,8,9,10
1,2,3,4,5,6,7,8,9,10
1,2,3,5,6,7,8,9,10,11
1,2,3,4,5,6,7,8,9,10
1,2,3,5,6,7,8,9,10,11
1,2,3,6,7,8,9,10,11,12
1,2,3,4,5,6,7,8,9,10
1,2,3,5,6,7,8,9,10,11
1,2,3,4,5,6,7,8,9,10
1,2,4,5,6,7,8,10,11,12
1,2,3,5,6,7,8,9,10,11
1,2,3,6,7,8,9,10,11,12
1,2,3,5,6,7,8,9,10,11
1,2,3,6,7,8,9,10,11,12
1,2,3,4,5,6,7,8,9,10
1,2,3,5,6,7,8,9,10,11
1,2,3,6,7,8,9,10,11,12
1,2,3,4,5,6,7,8,9,10
1,2,3,4,5,6,7,8,9,10
1,2,3,5,6,9,10,11,12,13
1,2,3,6,7,8,9,10,12,13
1,2,3,5,6,7,8,9,10,11
1,2,3,5,6,7,8,9,10,11
1,2,3,4,5,6,7,8,9,10
2,3,5,6,7,8,9,10,11,12
1,2,3,6,7,8,9,10,11,12
1,2,3,4,5,6,7,8,9,10
1,2,3,4,5,6,7,8,9,10
1,2,3,5,6,7,8,9,10,11
1,2,3,4,6,7,8,9,10,11
1,2,3,6,7,8,9,10,11,12
1,2,3,5,6,7,8,9,10,11
1,2,3,5,6,7,8,9,10,11
1,2,3,5,6,7,8,9,10,11
1,2,3,5,6,7,8,9,11,12
2,3,5,6,7,8,9,10,11,12
2,3,5,6,7,8,9,10,11,12
1,2,3,5,6,7,8,9,10,11
1,2,3,5,6,7,8,9,10,11
1,2,3,6,7,8,10,11,12,13
1,2,3,5,6,7,8,9,10,11
1,2,3,4,5,6,7,8,10,11
1,2,3,4,6,7,8,9,10,11
1,2,3,5,6,7,8,9,10,11
1,2,3,6,7,8,9,10,11,12
1,2,3,5,6,7,8,9,10,11
2,3,5,6,7,8,10,11,12,13
1,2,3,4,5,6,7,8,9,10
2,3,4,5,7,8,9,10,11,12
2,3,5,6,7,8,9,10,11,12
1,2,3,5,6,7,8,9,10,11
1,2,3,6,7,8,9,10,11,12
1,2,3,5,6,7,8,9,10,11
1,2,3,6,7,8,9,10,11,12
1,2,3,5,6,7,8,9,10,11
2,3,5,6,7,8,9,10,11,12
1,2,3,6,7,8,9,10,11,12
1,2,3,5,6,7,8,9,10,11
1,2,3,5,6,7,8,9,11,13
1,2,3,4,5,6,7,8,9,11
1,2,3,4,5,6,7,8,9,10
1,2,3,6,7,8,9,10,11,12
2,3,4,5,6,7,8,9,10,11
2,3,6,7,8,9,10,11,12,13
1,2,3,5,6,7,8,10,11,12
1,2,3,5,6,7,8,9,10,11
1,2,3,5,6,7,8,11,13,14
1,2,3,6,7,8,9,10,11,12
1,2,3,5,6,7,9,10,11,12
1,2,3,5,6,7,8,9,10,11
2,3,6,7,8,10,11,12,13,14
1,2,3,4,5,6,7,8,9,10
1,2,3,4,6,7,8,9,10,12
1,2,3,5,6,7,8,9,10,11
1,2,3,4,5,6,7,8,9,10
1,2,3,5,6,7,9,10,11,12
2,3,5,6,7,10,11,12,13,14
1,2,3,5,6,7,8,10,11,12
1,2,3,5,6,7,8,9,11,12
1,2,3,5,6,7,8,9,10,11
1,2,3,5,6,7,8,9,11,12
1,2,3,5,6,7,8,9,10,11
1,2,3,5,6,7,8,9,10,12
1,2,3,5,6,7,8,9,10,11
1,2,3,5,6,7,8,9,11,12
1,2,3,4,5,6,7,8,9,10
1,2,3,4,5,6,7,8,9,11
2,3,4,5,6,7,8,9,10,11
1,2,3,4,5,6,7,8,9,11
1,2,3,4,6,7,8,9,10,11
1,2,3,4,5,6,7,8,9,10
1,2,3,4,5,6,7,8,9,10
1,2,3,5,6,7,8,9,10,11
1,2,3,5,6,7,8,9,10,11
1,2,3,4,5,6,7,8,10,12
1,2,4,6,7,8,9,10,11,12
1,2,3,6,7,8,9,10,11,12
2,6,7,8,9,10,11,12,13,14
1,2,3,5,6,7,8,9,11,12
1,2,3,4,5,6,7,10,11,12
1,2,3,5,6,7,8,9,10,11
1,2,3,4,5,6,7,8,9,10
1,2,3,4,5,6,7,8,9,10
1,2,3,4,5,6,7,8,9,10
1,2,3,5,6,7,8,9,10,11
2,3,5,6,8,9,10,11,12,14
1,5,6,7,8,9,10,11,12,13
1,2,3,4,5,6,7,8,9,10
1,2,3,5,6,7,8,9,10,11
1,2,3,4,5,6,7,8,9,10
1,2,3,5,6,7,8,9,10,11
1,2,5,6,7,8,9,10,11,12
1,2,3,6,7,8,10,11,12,13
1,2,3,5,6,7,8,10,11,12
1,2,3,4,5,6,7,8,9,10
1,2,3,4,5,6,7,8,9,10
1,2,3,5,6,7,8,9,11,13
1,2,3,5,6,7,8,9,10,12
1,2,3,4,5,6,7,8,9,10
1,2,3,5,6,7,8,9,10,11
1,2,3,5,6,7,8,9,11,13
1,2,3,4,5,6,7,8,10,11
1,2,3,4,5,6,7,8,9,11
1,2,3,6,7,8,9,10,11,12
1,2,3,4,5,6,7,8,9,10
1,2,3,5,6,7,8,10,11,12
1,2,3,5,6,7,8,9,10,11
1,2,3,5,6,7,8,9,11,13
1,2,3,5,6,7,8,9,10,11
1,2,3,4,5,6,7,8,9,10
1,2,3,5,6,7,8,9,10,11
1,2,3,5,6,7,8,9,10,11
2,3,5,6,7,8,9,10,11,12
1,2,3,5,6,7,8,9,10,11
1,2,3,5,6,7,8,9,10,11
2,3,6,7,8,9,10,11,12,13
1,2,3,6,7,8,9,10,11,12
1,2,3,6,7,8,9,10,11,12
1,2,3,4,5,6,8,9,10,11
1,2,3,6,7,8,9,10,11,12
1,2,3,5,6,7,8,9,10,11
1,2,3,4,5,6,7,8,9,10
1,2,3,5,6,7,8,9,10,11
4,6,7,8,9,10,11,12,13,14
1,2,4,5,6,7,8,9,10,11
1,2,3,5,6,7,8,10,11,12
1,2,3,5,6,7,8,10,12,13
1,2,3,4,5,6,7,8,9,10
1,2,3,4,5,6,7,8,9,10
1,2,3,5,6,7,8,9,10,11
1,2,3,6,7,8,9,10,11,12
1,2,3,5,6,7,8,9,10,11
2,3,4,5,6,7,8,9,10,11
1,2,3,4,5,6,7,8,9,10
1,2,3,5,6,7,8,9,10,11
1,2,3,6,7,8,10,11,12,13
2,3,4,5,6,7,8,9,10,11
2,3,4,5,6,7,8,9,10,11
1,2,3,5,6,7,8,9,11,13
1,2,3,5,6,7,8,9,11,12
2,3,6,7,8,9,10,11,12,13
1,2,3,5,6,7,8,9,10,11
1,2,3,4,6,7,8,9,10,11
1,2,3,4,5,6,7,8,9,10
1,2,3,4,5,6,7,8,10,11
1,2,3,4,5,6,7,8,9,10
1,2,3,5,6,7,8,10,11,12
1,2,3,5,6,7,8,9,10,11
1,2,3,6,7,8,9,10,11,12
1,2,3,6,7,8,9,10,11,12
1,2,3,5,6,7,8,9,10,11
1,2,3,4,5,6,7,8,9,10
1,2,3,6,7,8,9,10,11,12
1,2,3,4,5,6,7,8,10,11
1,2,4,5,6,7,8,9,10,12
1,2,3,5,6,7,8,9,10,11
1,2,3,4,5,6,7,8,9,10
1,2,4,5,6,7,8,9,10,11
1,2,3,4,6,7,8,9,10,11
1,2,4,5,6,7,8,9,10,11
1,2,3,5,6,7,8,9,10,11
1,2,3,4,5,6,7,8,9,10
1,2,3,4,5,6,7,8,10,11
1,2,3,4,5,6,7,8,9,10
1,2,3,6,7,8,9,10,11,12
1,2,3,5,6,7,8,9,10,11
1,2,3,5,6,7,8,9,10,11
2,3,4,6,7,8,9,10,11,12
2,3,5,6,7,8,9,10,11,12
1,2,3,5,6,7,8,9,10,11
1,2,3,5,6,7,8,9,10,11
1,2,3,6,7,8,9,10,11,12
1,2,3,5,6,7,8,10,11,12
2,3,5,6,7,8,9,11,12,13
1,2,3,5,6,7,8,9,10,11
2,3,6,7,8,9,10,11,12,13
1,2,3,4,5,6,7,8,9,10
2,3,4,5,6,7,8,9,10,11
1,2,3,5,6,7,8,9,10,11
1,2,3,6,7,8,9,10,11,12
2,3,5,6,7,8,9,10,11,12
1,2,3,4,5,6,7,8,9,10
1,2,3,5,6,7,8,9,10,11
1,2,3,5,6,7,8,9,10,11
2,3,4,5,6,7,8,9,10,11
1,2,3,4,5,6,7,8,9,10
1,2,3,4,6,7,8,10,11,12
1,2,3,4,5,6,7,8,9,10
1,2,3,4,5,6,7,8,9,10
1,2,3,5,6,7,8,9,10,11
1,2,3,5,6,7,8,9,11,13
1,2,3,6,7,8,9,10,11,12
2,3,5,6,7,8,10,11,12,13
1,2,3,6,7,8,9,10,11,12
1,2,3,5,6,7,8,9,10,11
1,2,3,4,5,6,7,8,9,10
2,3,5,6,7,8,9,10,11,12
1,2,3,6,7,8,9,10,11,12
1,2,3,5,6,7,8,9,10,11
1,2,3,5,6,7,8,9,10,11
1,2,3,5,6,7,8,9,10,11
1,2,3,5,6,7,8,9,10,11
1,2,3,5,6,7,8,9,10,11
1,2,3,6,7,8,9,10,11,12
2,3,5,6,7,8,9,10,11,12
2,3,5,6,7,8,9,10,11,12
1,2,4,6,7,8,9,10,11,12
1,2,3,5,6,7,8,9,10,11
1,2,3,6,7,8,10,11,12,13
1,2,3,5,6,7,8,9,10,11
1,2,3,6,7,8,9,10,11,12
1,2,3,5,6,7,8,10,11,12
2,3,5,6,7,8,9,10,11,12
2,3,5,6,7,8,9,11,13,14
1,2,3,4,5,6,7,8,9,10
1,2,3,4,5,6,7,8,9,11
2,3,4,5,6,7,8,9,10,11
1,2,3,5,6,7,8,9,10,11
1,2,3,4,5,6,7,8,9,10
1,2,3,5,6,7,8,9,11,13
1,2,3,4,5,6,7,8,9,13
1,2,3,4,5,6,7,8,9,10
1,2,3,5,6,7,8,10,11,12
1,2,3,5,6,7,8,9,10,11
1,2,3,5,6,7,8,9,10,11
1,2,3,4,6,7,8,9,10,11
1,2,5,6,7,8,9,10,11,12
2,3,4,5,6,7,8,9,10,11
2,3,5,6,7,8,9,10,11,12
1,2,3,5,6,7,8,9,10,11
1,2,3,6,7,8,9,10,11,12
2,3,4,5,6,7,8,9,10,11
1,2,4,5,6,7,8,9,10,11
1,2,3,4,5,6,7,8,9,11
1,2,3,5,6,7,8,9,10,11
2,3,4,6,7,8,9,10,11,12
1,2,3,5,6,7,8,9,10,11
1,2,3,4,6,7,8,9,10,11
1,2,3,5,6,7,8,9,10,11
1,2,3,6,7,8,9,10,11,12
1,2,3,5,6,7,8,9,10,11
1,2,3,4,5,6,7,8,9,10
2,3,5,6,7,8,9,10,11,12
1,2,3,4,5,6,7,8,9,10
1,2,3,5,6,7,9,10,11,12
1,3,5,6,7,8,9,10,11,12
1,2,3,5,6,8,9,10,11,12
1,2,4,5,6,7,8,9,10,11
1,2,3,5,6,7,8,10,11,12
2,3,5,6,7,8,10,11,12,13
1,2,3,4,6,7,8,9,10,11
1,2,3,5,6,7,8,10,11,12
1,2,3,5,6,7,8,9,10,11
2,3,4,5,6,7,9,10,11,12
1,2,3,4,5,6,7,8,9,10
1,2,3,4,6,7,8,9,10,11
1,2,3,4,5,6,7,8,9,10
1,2,3,5,6,7,8,9,10,11
1,2,3,5,6,7,8,9,10,11
1,2,3,4,5,6,7,8,9,10
1,2,3,6,7,8,9,10,11,12
1,2,3,5,6,7,8,9,10,11
1,2,3,6,7,8,9,10,11,12
1,2,3,4,6,7,8,9,10,11
2,3,6,7,8,9,10,11,12,13
1,2,3,4,5,6,7,8,9,10
1,2,3,5,6,7,8,9,10,11
1,2,3,5,6,7,8,9,10,13
1,2,3,5,6,7,8,9,10,11
1,2,3,4,5,6,7,8,9,10
1,2,3,6,7,8,9,10,11,12
2,3,6,7,8,9,10,11,12,13
1,2,3,6,7,8,9,10,11,12
1,2,3,6,7,8,9,10,11,12
1,2,3,5,6,7,8,9,11,13
1,2,3,5,6,7,8,9,10,11
1,2,4,5,6,7,8,9,10,11
1,2,3,5,6,7,8,9,10,11
1,2,3,5,6,7,8,9,11,13
1,2,3,4,5,6,7,8,9,10
2,3,5,6,7,8,9,10,11,12
1,2,3,5,6,7,8,9,10,11
1,2,3,4,5,6,7,8,9,10
1,2,4,6,7,8,9,10,11,12
1,2,3,6,7,8,9,10,11,12
2,3,6,7,8,9,10,11,12,13
1,2,3,5,6,7,9,13,14,15
1,2,3,6,7,8,9,10,11,12
1,2,3,6,7,8,9,10,11,12
1,2,3,4,5,6,7,8,10,11
1,2,3,5,6,7,9,10,11,12
2,3,6,7,8,9,10,11,12,13
1,2,3,5,6,7,8,9,10,11
1,2,3,5,6,7,8,9,10,11
1,2,3,4,5,6,7,8,9,10
1,2,3,4,5,6,7,8,9,10
1,2,3,5,6,7,8,9,10,11
1,2,3,4,5,6,7,8,9,10
1,2,3,4,5,6,7,8,9,10
1,2,3,4,5,6,7,8,9,10
1,2,3,4,5,6,7,8,9,10
1,2,3,6,7,8,9,10,11,12
2,3,5,6,7,8,9,10,11,12
2,3,5,6,7,8,9,10,11,12
1,2,3,5,6,7,8,9,10,11
1,2,3,5,6,7,8,10,11,12
2,3,5,6,7,8,9,10,11,12
1,2,3,4,6,7,8,9,10,11
1,2,3,5,6,7,8,9,10,11
1,2,3,5,6,7,8,9,10,11
1,2,3,5,6,7,8,9,11,12
1,2,3,4,5,6,7,8,9,10
1,2,3,5,6,7,8,9,10,11
1,2,3,5,6,7,9,10,11,12
1,2,3,4,5,6,7,8,9,10
1,2,3,4,5,6,7,8,9,10
1,2,3,5,6,7,8,9,10,11
1,2,3,5,6,7,8,9,10,11
1,2,3,4,5,6,7,8,9,10
1,2,3,5,6,7,8,9,10,13
1,2,3,5,6,7,8,10,11,12
1,2,3,4,6,7,8,9,10,11
1,2,3,4,5,6,7,8,9,10
1,2,3,5,6,7,8,9,10,11
1,2,3,4,6,7,8,9,10,11
1,2,3,4,5,6,7,8,9,10
1,2,3,6,7,8,9,10,12,13
1,2,3,5,6,7,8,9,10,11
1,2,3,4,5,6,7,8,9,10
1,2,3,6,7,8,9,10,11,12
1,2,3,4,5,6,7,8,9,10
1,2,3,4,5,6,7,8,9,10
1,2,3,6,7,8,10,11,12,13
1,2,3,5,6,7,8,9,10,11
1,2,3,5,6,7,8,9,10,11
1,2,3,5,6,7,8,9,10,11
1,2,3,4,5,6,7,8,10,11
1,2,3,4,5,6,7,8,9,10
1,2,3,6,7,8,9,10,11,12
1,2,3,4,5,6,7,8,9,10
1,2,3,5,6,7,8,9,10,11
1,2,3,5,6,7,8,9,10,11
1,2,3,4,6,7,8,9,10,11
1,2,3,5,6,7,8,9,10,12
2,3,6,7,8,9,10,11,12,13
1,2,3,5,6,7,9,10,11,12
1,2,3,5,6,7,8,9,10,11
1,2,3,4,5,6,7,8,9,10
1,2,3,6,7,8,9,10,11,12
1,2,3,4,5,6,7,8,9,11
1,2,3,4,6,7,8,9,10,11
1,2,3,5,6,7,8,9,11,13
2,3,4,5,6,7,9,10,11,12
1,2,3,5,6,7,8,9,10,11
1,2,3,6,7,8,9,10,11,12
1,2,3,6,7,8,9,10,11,12
2,3,5,6,7,8,9,10,11,12
1,2,3,4,5,6,7,8,9,10
1,2,3,6,7,8,9,10,11,12
1,3,4,5,6,7,8,9,10,11
1,2,3,5,6,7,8,9,10,11
1,2,3,4,5,6,7,8,10,11
1,2,3,5,6,7,8,9,10,11
1,2,3,5,6,7,8,9,10,11
1,2,3,4,6,7,8,9,10,11
1,2,3,4,6,7,8,9,10,11
1,2,3,4,5,6,7,8,9,10
1,2,3,5,6,7,8,9,11,12
1,2,3,4,5,6,7,8,9,10
1,2,3,5,6,7,8,9,10,11
1,2,3,5,6,7,8,9,10,11
1,2,3,4,5,6,7,8,9,10
1,2,3,5,6,7,8,9,10,11
1,2,3,5,6,7,8,10,11,12
2,3,5,6,7,8,9,10,11,12
2,3,5,6,7,8,9,10,11,12
1,2,3,4,5,6,7,8,9,10
1,2,3,5,6,7,8,10,11,12
1,2,3,5,6,7,8,9,10,11
1,2,3,4,5,6,7,8,9,10
1,2,3,4,5,6,7,8,9,10
1,2,3,5,6,7,8,9,11,13
5,6,7,9,10,12,13,14,15,16
1,2,3,5,6,7,8,9,10,11
1,2,3,4,5,6,7,8,9,10
2,3,5,6,7,8,9,11,12,13
1,2,3,6,7,8,9,10,11,12
1,2,3,4,5,6,7,8,9,10
1,2,4,5,6,7,8,9,10,11
1,2,3,4,5,6,7,8,9,10
1,2,3,5,6,7,8,9,10,11
1,2,3,5,6,7,8,9,10,11
1,2,3,6,7,8,9,10,11,12
1,2,3,5,6,7,8,9,10,11
1,2,3,5,6,7,8,9,10,11
1,2,3,5,6,7,8,10,11,12
1,2,3,6,7,8,9,10,11,12
1,2,3,4,5,6,7,8,10,11
1,2,3,5,6,7,8,9,10,11
1,2,3,4,5,6,7,8,9,10
1,2,3,4,5,6,7,8,9,10
1,2,3,5,6,7,8,9,10,11
1,2,3,4,5,6,7,8,9,10
1,2,3,4,5,6,7,8,9,10
1,2,3,5,6,7,8,9,10,11
1,2,3,5,6,7,8,9,10,13
2,3,5,6,7,9,10,11,12,13
1,2,3,5,6,7,8,9,11,12
1,2,3,4,5,6,7,8,9,10
1,2,3,6,7,8,9,10,11,12
2,5,6,7,8,9,10,11,12,13
1,2,3,5,6,7,8,9,11,12
1,2,3,5,6,7,8,9,10,11
2,3,5,6,7,8,10,11,12,13
1,2,3,4,5,6,7,8,9,10
1,2,3,5,6,7,9,10,11,12
2,5,6,7,8,9,10,11,12,13
1,2,3,5,6,7,8,9,10,11
1,2,3,5,6,7,8,11,12,13
1,2,3,5,6,7,8,9,11,13
1,2,3,4,6,7,8,9,10,11
1,2,3,4,5,6,7,8,9,11
1,2,3,5,6,7,8,9,10,11
1,2,3,4,5,6,7,8,9,10
1,2,3,4,5,6,7,8,9,11
2,3,5,6,7,9,10,11,12,13
1,2,3,5,6,7,8,9,10,11
1,2,3,5,6,7,8,9,10,11
1,2,3,5,6,7,8,9,10,11
1,2,3,5,6,7,8,9,10,11
2,3,5,6,7,8,9,10,11,12
1,2,3,5,6,7,8,10,11,12
1,2,3,5,6,7,8,9,10,11
1,2,3,5,6,7,8,9,10,11
1,2,3,4,5,7,8,9,10,11
1,2,3,4,5,6,7,8,9,10
2,3,5,6,7,8,9,10,11,12
1,2,3,4,5,6,7,8,9,10
1,2,3,5,6,7,8,10,11,12
1,2,3,6,7,8,9,10,11,12
1,2,3,5,6,7,8,9,10,11
1,2,3,5,6,7,8,9,10,11
1,2,3,5,6,7,8,9,10,11
1,2,3,6,7,8,10,11,12,13
1,2,4,5,6,7,8,9,10,11
2,3,5,6,7,8,9,10,11,12
1,2,3,5,6,7,8,9,10,11
1,2,3,5,6,7,8,9,10,11
1,2,3,6,7,8,9,10,11,12
1,2,3,5,6,7,8,9,10,11
1,2,3,4,5,6,7,8,9,10
1,2,3,5,6,7,8,9,10,11
1,2,3,4,5,6,7,8,9,10
1,2,3,5,6,7,8,9,10,11
1,2,3,5,6,7,8,9,10,11
1,2,3,4,5,6,7,8,9,11
2,3,4,6,7,8,9,10,11,12
1,2,3,6,7,8,9,10,11,12
1,2,3,6,7,8,9,10,11,12
1,2,3,4,5,6,7,8,9,10
1,2,3,5,6,7,8,9,11,12
2,3,4,5,6,7,8,9,10,11
1,2,3,4,5,6,7,8,10,11
1,2,3,5,6,7,8,9,11,12
1,2,3,6,7,8,10,11,12,13
1,2,3,6,7,8,9,10,11,12
1,2,3,4,5,6,7,8,9,10
1,2,3,5,6,7,8,9,10,11
1,2,3,4,5,6,7,8,9,10
1,2,3,4,5,6,7,8,9,10
1,2,3,4,5,6,7,8,9,10
1,2,3,5,6,7,8,9,10,11
2,3,5,6,7,9,10,11,12,13
1,2,3,6,7,8,9,10,11,12
1,2,3,4,5,6,7,8,9,10
1,2,3,5,6,7,8,10,11,12
1,2,3,4,5,6,7,8,9,10
1,2,3,4,6,7,8,9,10,11
1,2,3,4,5,6,7,8,9,10
1,2,4,5,6,7,8,9,10,11
1,2,3,5,6,7,8,9,10,11
1,2,3,4,5,6,7,8,9,10
1,2,3,6,7,8,9,10,11,12
1,2,3,5,6,7,8,9,10,11
1,2,3,5,6,7,8,9,10,11
1,2,3,5,6,7,8,9,10,11
1,2,3,4,5,6,7,8,9,10
1,2,3,5,6,7,8,9,10,11
1,2,3,6,7,8,9,10,11,12
1,2,3,5,6,7,8,9,10,13
1,2,3,4,5,6,7,8,9,10
2,3,5,6,7,8,9,10,11,12
1,2,3,5,6,7,8,10,11,12
1,2,3,5,6,7,8,9,10,11
1,2,4,5,6,7,8,9,10,11
2,3,4,5,6,7,8,9,10,11
1,2,3,4,6,7,8,9,10,11
1,2,3,5,6,7,8,9,10,11
1,2,3,4,5,6,7,8,9,10
1,2,3,5,6,7,8,9,10,11
1,2,3,5,6,7,8,9,10,11
1,2,3,4,6,7,8,9,10,11
1,2,3,6,7,8,9,10,11,12
1,2,3,6,7,8,9,10,11,12
1,2,3,5,6,7,8,9,10,11
1,2,3,5,6,7,8,9,10,11
1,2,3,4,5,6,7,8,10,11
1,2,3,5,6,7,8,9,10,11
1,2,3,5,6,7,8,10,11,12
1,2,3,5,6,7,8,9,10,11
1,2,3,5,6,7,8,9,10,11
1,2,3,4,6,7,8,10,11,12
1,2,4,5,6,7,8,9,10,11
1,2,3,5,6,7,8,9,10,11
1,2,3,5,6,7,8,9,10,11
1,2,3,5,6,7,8,9,10,11
1,2,4,5,6,7,8,9,10,11
2,3,4,6,7,8,9,10,11,12
1,2,5,6,7,8,9,10,11,12
1,2,3,6,7,8,9,10,11,12
1,2,3,6,7,8,10,11,12,13
1,2,3,5,6,7,8,9,10,11
1,2,3,5,6,7,8,9,11,12
1,2,3,6,7,8,9,10,11,12
1,2,5,6,7,8,9,10,11,12
1,2,3,5,6,7,8,9,10,11
1,2,3,4,6,7,8,9,10,11
2,3,5,6,7,8,9,10,11,12
1,2,3,5,6,7,8,9,11,13
1,2,3,4,5,6,7,8,9,10
1,2,3,4,5,6,7,8,9,10
1,3,6,7,8,9,10,11,12,13
1,2,3,5,6,7,8,9,11,12
1,2,3,6,7,8,9,10,11,12
1,2,3,4,5,6,7,8,9,11
1,2,3,5,6,7,8,9,10,11
1,2,3,5,6,7,8,9,10,11
1,2,3,4,5,6,7,8,9,10
1,2,3,5,6,7,8,9,10,11
1,2,3,5,6,7,8,9,10,11
1,2,3,5,6,7,8,9,10,12
1,2,3,5,6,7,8,9,10,11
1,2,3,5,6,7,8,9,10,11
1,2,3,5,6,7,8,9,11,13
1,2,3,5,6,7,8,9,10,11
1,2,3,4,5,6,7,8,9,10
1,2,3,5,6,7,8,9,10,11
1,2,3,4,5,6,7,8,9,10
2,3,5,6,7,8,9,10,11,12
1,2,6,7,8,9,10,11,12,13
1,2,3,4,5,6,7,8,9,10
1,2,3,4,5,6,7,8,9,10
1,2,3,5,6,7,8,10,11,12
1,2,3,5,6,7,8,9,10,11
1,2,3,5,6,7,8,9,10,11
1,2,3,5,6,7,8,9,10,11
2,3,5,6,7,8,9,10,11,12
1,2,3,5,6,7,8,9,11,12
1,2,3,4,5,6,7,8,9,10
1,2,3,4,5,6,7,8,9,11
1,2,3,4,5,6,7,8,9,11
1,2,3,4,5,6,7,8,9,10
1,2,3,4,5,6,7,8,9,10
1,2,3,4,5,6,7,8,9,11
1,2,3,4,5,6,7,8,9,10
1,2,3,4,5,6,7,8,9,10
1,2,5,7,8,9,10,11,12,13
1,2,3,4,5,6,7,8,10,11
1,2,3,4,5,6,7,8,9,10
1,2,3,5,6,7,8,9,10,11
2,3,4,5,6,7,8,9,10,11
1,2,3,5,6,7,8,10,11,12
1,2,3,4,6,7,8,9,10,11
1,2,3,5,6,7,8,9,10,11
1,2,3,6,7,8,9,10,11,12
1,2,3,5,6,7,8,9,10,11
1,2,3,5,6,7,8,9,10,11
2,3,7,8,9,10,11,12,13,14
1,2,3,5,6,7,8,9,10,11
1,2,3,6,7,8,9,10,11,12
1,2,3,4,5,6,7,8,9,10
1,2,3,5,6,7,8,9,10,13
1,2,3,5,6,7,8,9,10,11
1,2,3,5,6,7,8,9,10,13
1,2,3,4,5,6,7,8,9,10
1,2,3,6,7,8,9,10,11,12
2,3,6,7,8,9,10,11,12,13
2,3,4,5,6,8,9,10,11,12
2,3,5,6,7,8,9,10,11,12
2,3,5,6,7,8,9,10,11,12
1,2,3,4,5,6,7,8,9,10
1,2,3,5,6,7,8,9,10,11
1,2,3,4,6,7,8,9,10,11
1,2,3,6,7,8,9,10,11,12
1,2,3,6,7,8,9,10,11,12
1,2,3,4,5,6,7,8,9,10
1,2,3,4,5,6,7,8,9,10
1,2,3,5,6,7,8,9,11,13
1,2,3,5,6,7,8,9,10,12
1,2,3,5,6,7,8,9,10,11
1,2,3,4,5,6,7,8,9,10
1,2,3,4,5,6,7,8,9,10
2,3,4,5,6,7,8,9,10,11
1,2,3,4,5,6,7,8,9,10
1,2,3,6,7,8,10,11,12,13
1,2,3,5,6,7,8,9,10,11
1,2,3,6,7,8,9,10,11,12
2,3,5,6,7,8,9,10,11,12
1,2,3,4,5,6,7,8,9,10
1,2,3,5,6,7,8,9,10,11
1,2,3,4,5,6,7,8,9,10
2,3,4,5,7,8,9,10,11,12
1,2,3,5,6,7,8,9,10,11
1,2,3,5,6,7,8,9,10,11
1,2,3,4,6,7,8,9,10,11
1,2,4,6,7,8,9,10,11,12
1,2,3,5,6,7,8,9,10,11
1,2,3,5,6,7,8,9,10,11
1,2,3,5,6,7,8,9,10,11
1,2,3,5,6,7,8,9,10,11
1,2,3,5,6,7,8,9,10,11
1,2,3,4,5,6,7,8,9,10
1,2,3,4,5,6,7,8,9,10
1,2,3,5,6,7,8,9,10,11
1,2,3,6,7,8,9,10,11,12
1,2,3,4,5,6,7,8,9,10
1,2,3,6,7,8,9,10,11,12
1,2,3,4,5,6,7,8,9,10
1,2,3,5,6,7,8,9,10,11
1,2,3,5,6,7,8,9,10,11
1,2,3,4,5,6,7,8,9,10
1,2,3,4,5,6,7,8,9,11
1,2,3,6,7,8,9,10,11,12
1,2,3,5,6,7,8,9,10,11
1,2,4,5,6,7,8,10,11,12
1,2,3,5,6,7,8,9,10,11
1,2,3,5,6,7,8,9,10,11
1,2,3,6,7,8,9,10,11,12
1,2,4,5,6,7,8,9,10,11
2,3,5,7,8,9,10,11,12,13
1,2,3,4,6,7,8,9,10,11
1,2,3,4,5,6,7,8,9,10
2,3,5,6,7,8,10,11,12,13
1,2,3,6,7,8,9,10,11,12
2,3,4,5,6,7,8,9,10,11
2,3,5,6,7,8,9,10,11,12
1,2,3,6,7,8,9,10,11,12
1,2,3,4,5,6,7,8,9,10
3,5,6,7,8,10,11,12,13,14
1,2,3,5,6,7,8,9,10,11
1,2,3,5,6,7,8,9,10,11
1,2,3,5,6,7,8,9,11,12
1,2,3,6,7,8,9,10,11,12
1,2,3,4,5,6,7,8,9,10
1,2,3,5,6,7,8,9,10,11
1,2,3,4,5,6,7,8,9,10
2,3,5,6,7,8,9,10,11,12
1,2,3,6,7,8,9,10,11,12
1,2,3,6,7,8,9,10,11,12
1,2,3,5,6,7,8,10,11,12
1,2,3,5,6,7,8,9,10,11
1,2,3,5,6,7,8,9,10,11
1,2,3,5,6,7,8,9,11,12
1,2,3,4,5,6,7,8,9,10
1,2,3,4,6,7,8,10,11,12
1,2,3,5,6,7,8,9,10,11
1,2,3,6,7,8,9,10,11,12
1,2,3,4,5,6,7,8,9,10
1,2,3,4,5,6,7,8,9,10
1,2,3,4,5,6,7,8,9,10
2,4,5,6,7,8,9,10,11,12
1,2,3,5,6,7,8,10,12,13
1,2,3,5,6,7,8,10,11,12
2,3,6,7,8,10,11,12,13,14
2,3,6,7,8,9,10,11,12,13
1,2,3,4,6,7,8,9,10,12
1,2,3,5,6,7,8,9,10,11
1,2,3,5,6,7,8,9,10,11
1,2,3,4,5,6,7,8,9,11
1,2,3,5,6,7,8,9,10,11
1,2,3,4,5,6,7,8,9,10
2,3,4,5,6,7,8,9,10,11
1,2,3,5,6,7,8,9,10,11
1,2,3,5,6,7,8,9,10,11
1,2,3,5,6,7,8,9,10,11
1,2,3,4,5,6,7,8,9,10
1,2,3,4,5,6,7,8,9,10
1,2,3,4,5,6,7,8,9,10
1,2,3,6,7,8,9,10,11,12
2,3,4,6,7,8,9,10,11,12
2,3,5,6,7,8,9,10,11,12
1,2,3,6,7,8,9,10,11,12
1,2,3,4,5,6,7,8,9,11
1,2,3,5,6,7,8,9,10,11
1,2,3,5,6,7,8,9,10,11
1,2,3,5,6,7,8,9,10,11
2,3,5,6,7,8,9,11,12,13
1,2,3,4,5,6,7,8,9,10
1,2,3,4,5,6,7,8,9,10
1,2,3,5,6,7,8,9,10,11
1,2,4,5,6,7,8,9,10,11
1,2,3,5,6,7,8,9,10,11
1,2,3,5,6,7,8,9,10,11
1,2,3,4,5,6,7,9,10,11
1,2,3,4,5,6,7,8,9,11
1,2,3,5,6,7,8,9,10,11
2,3,5,6,7,8,9,10,11,12
1,2,3,5,6,7,8,9,10,11
1,2,3,4,5,6,7,8,9,11
1,2,3,4,5,6,7,8,9,10
1,2,3,4,5,6,7,8,9,10
1,2,3,6,7,8,10,11,12,13
1,2,3,4,5,6,7,8,9,10
1,2,3,5,6,7,8,9,10,11
1,2,3,4,5,6,7,8,9,10
1,2,3,6,7,8,9,10,11,12
2,3,5,6,7,8,9,10,11,12
1,2,3,5,6,7,8,10,11,12
1,2,3,4,6,7,8,9,10,12
1,2,3,6,7,8,9,10,11,12
1,2,3,4,5,6,7,8,9,10
2,3,5,6,7,8,9,10,11,12
1,2,3,6,7,8,10,11,12,13
1,2,3,6,7,8,9,10,11,12
2,3,5,6,7,8,9,10,11,13
1,2,3,5,6,7,8,9,11,12
1,2,3,5,6,7,8,9,11,12
1,2,3,4,5,6,7,8,9,10
1,2,3,5,6,7,8,9,11,13
1,2,3,4,5,6,7,8,9,10
1,2,3,4,5,6,7,8,9,10
1,2,3,6,7,8,9,10,12,13
1,2,3,5,6,7,8,9,10,11
1,2,3,5,6,7,8,9,10,11
1,2,3,4,5,6,7,8,9,11
1,2,3,6,7,8,10,11,12,13
1,2,3,4,5,6,7,8,9,11
1,2,3,4,5,6,7,8,9,10
2,3,5,6,7,8,9,10,11,12
1,2,3,4,5,6,7,8,9,10
1,2,3,4,6,7,8,9,10,11
2,3,5,6,7,9,10,11,12,13
1,2,3,4,5,6,7,8,9,10
1,2,3,5,6,7,8,9,10,11
1,2,3,6,7,8,9,10,11,12
1,2,3,5,6,7,8,9,10,11
1,2,3,6,7,8,10,11,12,13
1,2,3,6,7,8,9,10,11,12
1,2,3,5,6,7,8,9,12,13
2,3,5,6,7,8,9,10,11,12
1,2,3,5,6,7,8,9,10,11
1,2,3,5,6,7,8,9,10,11
1,2,3,5,6,7,8,9,10,11
1,2,3,5,6,7,8,9,10,11
1,2,3,5,6,7,8,9,10,11
1,2,3,4,5,6,7,8,9,10
1,2,3,4,5,6,7,8,9,11
1,2,3,4,5,6,7,8,9,10
1,2,3,4,5,6,7,8,10,11
1,2,3,5,6,7,8,9,10,11
1,2,3,5,6,7,8,9,10,11
1,2,3,6,7,8,9,10,11,12
1,2,3,6,7,8,9,10,11,12
1,2,3,4,5,6,7,8,9,13
1,2,3,5,6,7,8,9,10,11
1,2,3,5,6,7,8,9,10,11
1,2,3,5,6,7,8,9,10,11
1,2,3,6,7,8,10,11,12,13
1,2,3,6,7,8,9,10,11,12
2,3,5,6,7,8,9,10,11,12
1,2,3,5,6,7,8,9,10,11
1,2,3,5,6,7,8,9,10,11
1,2,3,4,5,6,7,8,9,10
1,2,3,5,6,7,8,9,10,11
2,3,5,6,7,8,9,10,11,12
1,2,3,5,6,7,8,9,10,11
1,2,3,6,7,8,9,10,11,12
1,2,3,4,5,6,7,8,9,10
1,2,3,4,5,6,7,8,9,10
2,3,6,7,8,9,10,11,12,13
1,2,3,4,5,6,7,8,9,10
1,2,3,5,6,7,8,9,10,11
1,2,3,4,6,7,8,9,10,11
1,2,3,4,5,6,7,8,9,10
1,2,3,5,6,7,8,9,11,13
1,2,3,5,6,7,8,9,10,11
1,2,3,5,6,7,8,10,11,12
2,3,6,7,8,9,10,11,12,13
1,2,3,5,6,7,8,9,10,11
1,2,3,4,6,7,8,10,11,12
1,2,3,5,6,7,8,10,11,12
1,2,3,5,6,7,8,9,10,11
1,2,3,5,6,7,8,9,10,11
1,2,3,4,5,6,7,8,9,10
1,2,3,4,5,6,7,8,9,10
1,2,3,6,7,8,9,10,11,12
2,3,5,6,7,8,9,10,11,12
1,2,3,5,6,7,8,9,10,11
1,2,3,4,5,6,7,8,9,10
1,2,3,5,6,7,8,9,10,11
2,3,4,5,6,7,8,9,10,11
1,2,3,4,5,6,7,8,9,10
1,2,3,5,6,7,8,9,10,11
1,2,3,5,6,7,9,10,11,12
1,2,5,6,7,8,9,10,11,12
1,2,3,5,6,9,10,11,12,14
1,2,3,5,6,7,8,9,11,12
1,2,3,5,6,7,8,9,10,11
2,3,5,6,7,8,9,10,11,12
1,2,4,5,6,7,8,9,10,11
1,2,3,5,6,7,8,9,10,11
2,3,5,6,7,8,9,10,11,12
1,2,3,5,6,7,8,10,11,12
1,2,3,5,6,7,8,9,10,11
1,2,3,5,6,7,8,9,10,11
1,2,3,6,7,8,9,10,11,12
1,2,3,5,6,7,8,9,10,11
1,2,3,4,5,6,7,8,9,10
1,2,3,6,7,8,9,10,11,12
1,2,3,5,6,7,8,10,11,12
2,3,5,6,7,8,9,10,11,12
1,2,3,6,7,8,9,10,11,12
1,2,3,4,5,6,7,8,9,11
1,2,3,5,6,7,8,9,10,11
1,2,3,4,5,6,7,8,9,10
1,2,3,5,6,7,8,9,10,11
1,2,4,5,6,7,8,9,10,11
1,2,4,6,7,8,9,10,11,12
1,2,3,5,6,7,8,10,11,12
1,2,4,5,6,7,8,9,10,11
2,3,5,6,7,8,9,10,11,12
1,2,3,6,7,8,9,10,11,12
2,3,5,7,8,9,10,11,12,13
1,2,3,6,7,8,9,10,11,12
1,2,3,5,6,7,8,9,10,11
1,2,4,5,6,7,8,9,10,11
1,2,3,6,7,8,9,10,11,12
1,2,3,5,6,7,8,9,10,11
1,2,3,6,7,8,9,10,11,12
2,3,6,7,8,10,11,12,13,14
1,2,3,5,6,7,8,9,10,11
1,2,3,5,6,7,8,9,10,11
2,3,5,6,7,8,9,10,11,12
1,2,3,5,6,7,8,10,11,12
1,2,3,4,5,6,7,8,9,10
1,2,3,6,7,8,9,10,11,12
1,2,3,6,7,8,9,10,11,12
1,2,3,5,6,7,8,9,10,11
1,2,3,6,7,8,9,10,11,12
1,2,3,5,6,7,8,9,10,11
1,2,3,4,5,6,7,8,9,10
1,2,3,4,5,6,7,8,9,10
1,2,3,4,5,6,7,8,9,10
1,2,3,5,6,7,8,9,10,11
1,2,3,5,6,7,8,9,10,11
1,2,3,4,5,6,7,8,9,10
1,2,3,6,7,8,10,11,12,13
1,2,3,4,5,6,7,8,10,11
1,2,3,6,7,8,10,11,12,13
1,2,3,5,6,7,8,10,11,12
1,2,3,4,6,7,8,9,10,11
1,2,3,4,5,6,7,8,9,10
2,3,5,6,7,9,10,11,12,13
1,2,3,5,6,7,8,10,11,12
1,2,4,6,7,8,10,11,12,13
1,2,3,6,7,8,10,11,12,13
1,2,3,5,6,7,8,9,10,11
1,2,3,5,6,7,8,9,10,11
2,3,5,6,8,9,10,11,13,14
1,2,3,5,6,7,8,9,10,11
1,2,3,4,5,7,8,9,10,11
1,2,3,5,6,7,8,9,10,11
1,2,3,6,7,8,10,11,12,13
1,2,3,4,5,6,7,8,9,10
2,3,5,6,7,8,9,10,11,12
1,2,3,4,5,6,7,8,9,11
1,2,3,5,6,7,8,9,10,11
1,2,3,5,6,7,8,9,10,11
1,2,3,6,7,8,9,10,11,12
1,2,3,5,6,7,8,9,10,11
1,2,3,5,6,7,8,9,10,11
1,2,3,4,5,6,7,8,9,10
1,2,6,7,8,9,10,11,12,13
1,2,3,4,5,6,7,8,9,10
1,2,3,6,7,8,10,11,12,13
1,2,3,4,5,6,7,8,9,10
1,2,4,6,7,8,10,11,12,13
1,2,3,4,5,6,7,8,9,10
1,2,3,5,6,7,8,9,10,11
2,3,5,6,7,8,9,10,11,12
1,2,3,5,6,7,8,9,10,11
1,2,3,6,7,8,9,10,11,12
1,2,3,5,6,7,8,9,10,11
1,2,3,5,6,7,8,9,10,11
1,2,3,6,7,8,9,10,11,12
1,2,3,4,5,6,7,8,9,10
1,2,3,5,6,7,8,9,11,13
1,2,3,5,6,7,8,9,10,11
1,2,3,6,7,8,9,10,11,12
1,2,4,5,6,7,8,10,11,12
1,2,3,5,6,7,8,9,10,11
1,2,3,5,6,7,8,9,10,11
1,2,3,6,7,8,9,10,11,12
2,5,6,7,8,9,10,11,12,13
1,2,3,5,6,7,8,9,10,11
1,2,3,5,6,7,8,9,10,11
1,2,3,5,6,7,8,9,10,11
1,2,3,5,6,7,8,9,11,13
1,2,3,5,6,7,8,9,10,11
1,2,3,4,5,6,7,8,9,10
2,3,5,6,7,8,9,10,11,12
1,2,5,6,7,8,10,11,12,13
1,2,3,5,6,7,8,9,10,11
1,2,3,5,6,7,8,9,10,11
2,3,4,5,6,7,8,9,10,11
1,2,3,5,6,7,8,9,10,11
1,2,3,4,6,7,8,9,10,11
1,2,4,6,7,8,10,11,12,13
1,2,3,5,6,7,8,9,10,11
1,2,3,5,6,7,8,9,10,11
1,2,3,5,6,7,8,9,10,11
1,2,3,5,6,7,8,9,10,12
1,2,3,5,6,7,8,9,11,13
1,2,3,6,7,8,9,10,11,12
2,3,4,5,7,8,9,10,11,12
1,2,3,5,6,7,8,9,11,12
1,2,3,5,6,7,8,10,11,12
1,2,3,6,7,8,9,10,11,12
1,2,3,4,6,7,8,10,11,12
1,2,3,4,5,6,7,8,9,11
1,2,3,4,5,6,7,8,9,10
1,2,3,4,5,6,7,8,9,11
1,2,3,4,5,6,7,8,9,10
2,3,5,6,7,9,11,12,13,14
1,2,3,5,6,7,8,9,10,11
1,2,3,5,6,7,8,9,10,11
1,2,3,5,6,7,8,9,10,11
1,2,3,6,7,8,9,10,11,12
1,2,3,5,6,7,8,9,10,11
1,2,3,4,5,6,7,8,9,10
1,2,3,4,5,6,7,8,9,10
2,3,5,6,7,8,9,10,11,12
1,2,3,5,6,7,8,9,10,11
1,2,3,5,6,7,8,9,10,13
1,2,3,5,6,7,8,10,11,12
1,2,3,5,6,7,8,9,10,13
1,2,3,4,5,6,7,8,9,11
1,2,3,5,6,7,8,9,10,11
1,2,3,4,5,6,7,8,9,10
1,2,3,4,5,6,7,8,9,10
1,2,3,6,7,8,10,11,12,13
1,2,3,5,6,7,8,9,10,11
1,2,3,5,6,7,8,9,11,12
2,3,4,5,6,7,8,9,10,11
1,2,3,5,6,7,8,9,11,13
1,2,3,5,6,7,8,9,10,11
1,2,3,4,5,6,7,8,9,10
1,2,3,5,6,7,8,9,10,11
1,2,3,5,6,7,8,10,11,12
1,2,3,6,7,8,9,10,11,12
2,3,4,5,6,7,8,9,10,11
1,2,3,5,6,7,8,9,10,11
1,2,3,4,5,6,7,8,9,10
1,2,3,4,5,6,7,8,9,10
2,3,6,7,8,9,10,11,12,13
1,2,3,4,5,6,7,8,10,11
1,2,3,5,6,7,8,9,10,11
1,2,3,4,5,6,7,8,9,10
1,2,3,4,5,6,7,8,9,10
1,2,3,5,6,7,8,9,10,11
2,3,5,6,7,8,9,10,11,12
1,2,3,5,6,7,8,10,11,12
1,2,3,5,6,7,8,9,10,11
1,2,6,7,8,9,10,11,12,13
2,3,5,6,7,9,10,11,12,13
1,2,3,5,6,7,8,9,10,11
1,2,3,5,6,7,8,9,10,11
1,2,3,5,6,7,8,10,11,12
2,3,5,6,7,8,9,10,11,12
1,2,3,5,6,7,8,9,10,12
1,2,3,5,6,7,8,9,10,11
1,2,3,6,7,8,10,11,12,13
2,3,5,6,7,8,9,10,11,12
1,2,3,5,6,7,8,9,10,11
1,2,3,4,5,6,7,8,9,10
1,2,3,5,6,7,8,9,10,11
1,2,3,5,6,7,8,9,11,12
2,3,5,6,7,8,9,10,11,12
1,2,3,4,5,6,7,8,9,10
1,2,3,4,5,6,7,8,9,10
1,2,3,6,7,8,9,10,11,12
1,2,3,4,5,6,7,8,9,10
2,3,4,5,6,7,8,9,11,12
1,2,3,5,6,7,8,10,11,12
1,2,3,5,6,7,8,9,10,11
1,2,3,4,6,7,8,9,10,11
1,2,3,6,7,8,9,10,11,12
1,2,3,5,6,7,8,9,10,11
1,2,3,6,7,8,9,10,11,12
1,2,3,5,6,7,8,9,10,13
2,3,5,6,7,8,9,10,11,12
1,2,3,4,5,6,7,8,9,10
1,2,3,6,7,8,9,10,11,12
2,3,5,6,7,8,9,11,13,14
1,2,3,5,6,7,8,9,10,11
1,2,3,5,6,7,8,9,10,11
1,2,3,4,5,6,7,8,9,10
1,2,3,4,5,6,7,8,9,10
1,2,3,6,7,8,9,10,11,12
1,2,3,4,5,6,7,8,9,10
1,2,4,5,7,8,10,11,12,13
1,2,3,5,6,7,8,9,10,11
1,2,3,4,5,6,7,8,9,10
1,2,3,6,7,8,10,11,12,13
2,3,5,6,7,8,10,11,12,13
1,2,3,5,6,7,8,9,10,11
1,2,3,6,7,8,9,10,11,12
1,2,3,4,5,6,7,8,9,10
1,2,3,4,5,6,7,8,9,11
1,2,3,5,6,7,8,10,11,12
1,2,3,5,6,7,8,9,10,11
1,2,3,6,7,8,9,10,11,12
1,2,3,4,5,6,7,8,9,10
1,2,3,5,6,7,8,9,10,12
2,3,4,5,6,7,8,9,10,11
1,2,3,6,7,8,10,11,12,13
1,2,3,6,7,8,9,10,11,12
1,2,3,4,5,6,7,8,9,11
1,2,3,4,5,6,7,8,9,11
2,3,5,6,7,8,9,10,11,12
1,2,3,5,6,7,8,9,10,11
1,2,3,5,6,7,8,9,10,11
1,2,3,4,5,6,7,8,9,10
1,2,3,4,5,6,7,8,10,11
2,3,5,6,7,8,9,10,11,12
1,2,3,5,6,7,8,10,12,13
1,2,3,6,7,8,9,10,11,12
1,2,3,4,5,6,7,8,9,10
1,2,3,5,6,8,9,10,11,12
1,2,3,5,6,7,8,9,10,11
1,2,3,5,6,7,8,9,10,11
1,2,3,5,6,7,8,9,10,11
1,2,3,4,5,6,7,8,9,11
1,2,4,5,6,7,8,9,10,11
1,2,3,4,5,6,7,8,9,10
1,2,3,5,6,7,8,9,10,12
1,2,3,5,6,7,8,9,11,13
1,2,3,5,6,7,8,9,10,11
1,2,3,6,7,8,9,10,11,12
1,2,3,5,6,7,8,9,10,11
1,2,3,5,6,7,8,10,11,12
1,2,3,4,5,6,7,8,9,10
1,2,3,4,5,6,7,8,10,11
2,3,5,6,8,9,10,11,16,18
1,2,3,6,7,8,9,10,11,12
1,2,3,5,6,7,8,9,11,12
1,2,3,4,6,7,8,10,11,12
2,3,5,6,7,8,9,10,11,12
1,2,3,4,5,6,7,8,9,10
2,3,5,6,7,8,9,10,11,12
1,2,3,5,6,7,8,9,10,11
1,2,3,4,5,6,7,8,9,10
1,2,3,5,6,7,8,9,10,11
1,2,3,5,6,7,8,9,10,11
1,2,3,5,6,7,8,9,10,12
1,2,3,5,6,7,8,9,10,11
1,2,3,5,6,7,8,9,10,11
2,3,5,6,7,8,9,10,11,12
1,2,4,5,6,7,8,9,10,11
1,2,3,4,5,6,7,8,9,10
1,2,3,5,6,7,8,9,10,11
1,2,3,6,7,8,9,10,11,12
1,2,6,7,8,9,10,11,12,13
2,4,6,7,8,9,10,11,12,13
1,2,3,5,6,7,8,10,11,12
1,2,3,4,5,6,7,8,9,11
1,2,4,5,6,7,8,9,10,11
1,2,3,5,6,7,8,9,11,12
1,2,3,6,7,8,9,10,11,12
1,2,3,6,7,8,10,11,12,13
2,3,5,6,7,8,9,10,11,12
1,2,3,6,7,8,9,10,11,12
1,2,3,6,7,8,9,10,12,13
1,2,3,5,6,7,8,9,10,11
1,2,3,6,7,8,9,10,11,12
1,2,3,4,5,6,7,8,9,10
1,2,3,5,6,7,8,10,11,12
1,2,3,5,6,7,8,10,11,12
1,2,3,5,6,7,8,9,10,11
1,2,3,4,5,6,7,8,9,10
1,2,3,4,6,7,8,9,10,11
1,2,3,5,6,7,8,9,10,11
1,2,3,5,6,7,8,9,10,11
1,2,3,4,5,6,7,8,9,10
1,2,3,5,6,7,8,9,10,11
1,2,3,4,5,6,7,8,9,10
1,2,3,4,6,7,8,9,10,11
1,2,3,5,6,7,8,9,10,11
1,2,3,4,5,6,7,8,9,10
1,2,3,4,5,6,7,8,9,10
1,2,3,5,6,7,8,9,10,11
1,2,3,5,6,7,8,9,10,11
1,2,3,4,5,6,7,8,9,10
1,2,3,5,6,7,8,9,10,11
1,2,3,5,6,7,8,9,10,11
1,2,3,4,5,6,7,8,9,10
1,2,3,5,6,7,8,9,10,11
1,2,3,5,6,7,8,9,10,11
1,2,3,4,5,6,7,8,9,10
1,2,4,5,6,7,8,10,11,12
1,2,3,6,7,8,10,11,12,13
1,2,3,6,7,8,9,10,11,12
2,3,4,5,6,7,8,9,10,11
1,2,3,4,5,6,7,8,9,10
1,2,3,5,6,7,8,9,11,13
1,2,3,5,6,7,8,9,10,11
1,2,3,5,6,7,8,9,10,11
1,2,4,5,6,7,8,9,10,11
1,2,3,4,6,7,8,9,10,11
2,3,5,6,9,10,11,12,14,16
1,2,3,5,6,7,8,9,10,11
1,2,3,4,5,6,7,8,9,10
1,2,3,5,6,7,8,10,11,12
1,2,3,5,6,7,8,9,13,14
1,2,3,5,6,7,8,9,10,11
1,2,3,6,7,8,9,10,11,12
1,2,3,6,7,8,9,10,11,12
1,2,3,6,7,8,10,11,12,13
1,2,3,6,7,8,9,10,11,12
1,2,3,4,5,6,7,8,9,10
1,2,3,5,6,7,8,9,10,11
1,2,3,4,5,6,7,8,9,10
1,2,3,5,6,7,8,9,11,12
1,2,3,4,5,6,7,8,9,10
1,2,3,5,6,7,8,9,10,11
1,6,7,8,9,10,11,12,13,14
1,2,3,6,7,8,9,10,11,12
1,2,3,5,6,7,8,9,10,11
1,2,3,6,7,8,9,10,11,12
1,2,3,4,5,6,7,8,9,10
1,2,3,5,6,7,8,9,10,11
1,2,3,4,5,6,7,8,9,10
1,2,3,5,6,7,8,9,11,12
1,2,3,5,6,7,8,10,11,12
2,3,5,7,8,9,10,11,12,13
1,2,4,5,6,7,8,9,10,11
1,2,3,5,6,7,8,9,10,11
2,3,5,6,7,9,10,11,12,13
1,2,3,6,7,8,9,10,11,12
1,2,3,4,5,6,7,8,9,10
1,2,3,5,6,7,8,9,11,12
1,2,3,5,6,7,8,9,11,13
1,2,3,4,6,7,8,9,10,11
1,2,3,4,5,6,7,8,9,10
1,2,3,4,5,6,7,8,9,10
1,2,4,6,7,8,9,10,11,12
1,2,3,5,6,7,8,9,10,11
1,2,3,5,6,7,8,9,10,11
1,2,3,6,7,8,9,10,11,12
1,2,3,5,6,7,8,9,10,11
1,2,3,4,5,6,7,8,9,10
1,2,3,5,6,7,8,9,10,12
1,2,3,5,6,7,8,9,10,11
1,2,3,5,6,7,8,9,10,11
1,2,3,5,6,7,8,10,11,12
1,2,3,4,6,7,8,10,11,12
1,2,3,5,6,7,8,10,11,12
1,2,3,4,5,6,7,8,9,10
1,2,3,5,6,7,8,9,10,11
1,2,3,5,6,7,8,9,10,11
1,2,3,4,5,6,7,8,9,10
1,2,3,5,6,7,8,9,10,11
1,2,3,5,6,7,8,9,10,11
1,2,3,5,6,7,8,9,10,11
1,2,3,6,7,8,9,10,11,12
1,2,3,6,7,8,10,11,12,13
1,2,3,5,6,7,8,9,10,11
1,2,3,6,7,8,9,10,11,12
1,2,3,6,7,8,9,10,11,12
1,2,3,4,5,6,7,8,9,10
1,2,3,5,6,7,8,9,10,11
1,2,3,5,6,7,8,9,10,11
2,3,5,6,7,8,9,10,11,12
1,2,3,6,7,8,9,10,11,12
1,2,3,5,6,7,8,9,10,11
1,2,6,7,8,9,10,11,12,13
2,3,5,6,7,8,9,10,11,12
1,2,3,4,6,7,8,9,10,11
1,2,3,4,5,6,7,8,9,10
1,2,3,5,6,7,8,9,10,13
1,2,3,5,6,7,8,9,10,11
1,2,3,5,6,7,8,9,10,11
1,2,3,5,6,7,8,9,10,11
1,2,3,6,7,8,9,10,11,12
1,2,3,5,6,7,8,9,10,11
2,3,5,6,7,8,9,10,11,12
2,3,5,6,7,9,10,11,12,13
1,2,3,4,5,6,7,8,9,10
1,2,3,6,7,8,10,11,12,13
1,2,3,4,5,6,7,8,9,11
1,2,3,5,6,7,8,9,10,11
2,6,7,8,10,11,12,13,14,16
2,3,4,5,6,7,8,9,10,11
2,3,5,6,7,8,9,10,11,12
1,2,3,4,5,6,7,8,9,10
1,2,3,4,5,6,7,8,9,10
1,2,3,4,5,6,7,8,9,10
1,2,3,6,7,8,9,10,11,12
1,2,4,5,6,7,8,9,10,11
1,2,3,6,7,8,9,10,11,12
1,2,3,5,6,7,8,9,10,11
1,2,3,4,5,6,7,8,9,10
2,3,5,6,7,8,9,10,11,12
1,2,3,5,6,7,8,9,11,12
1,2,3,5,6,7,8,9,10,11
1,2,3,6,7,8,9,10,11,12
1,2,3,5,6,7,8,9,10,11
2,3,5,6,7,8,9,10,11,12
1,2,3,4,5,6,7,8,9,10
1,2,3,4,5,6,7,8,9,10
1,2,4,5,6,7,8,9,10,11
2,3,5,6,7,8,9,10,11,12
1,2,3,5,6,7,8,9,11,13
2,3,6,7,8,9,10,11,12,13
1,2,3,5,6,7,8,9,10,11
1,2,3,6,7,8,9,10,11,12
1,2,3,5,6,7,8,9,13,14
1,2,3,5,6,7,8,9,10,11
1,2,3,5,6,7,8,9,10,11
1,2,3,6,7,8,9,10,11,12
1,2,3,4,5,6,7,8,9,10
2,3,5,6,7,8,9,10,11,12
1,2,3,5,6,7,8,9,11,13
1,2,3,4,5,6,7,8,9,10
1,2,3,4,5,6,7,8,9,10
2,5,6,7,8,9,10,11,12,13
1,2,3,5,6,7,8,9,10,11
1,2,3,4,5,6,7,8,9,10
1,2,3,5,6,7,8,10,11,12
1,2,3,5,6,7,8,9,10,11
2,3,5,6,7,8,9,10,11,12
1,2,3,5,6,7,8,9,10,11
1,2,3,5,6,7,8,9,10,11
1,2,3,5,6,7,8,9,10,11
1,2,4,5,6,7,8,10,12,13
1,2,3,4,5,6,7,8,9,10
1,2,3,5,6,7,8,9,10,11
1,2,4,6,7,8,9,10,11,12
2,3,4,5,6,7,8,9,10,11
1,2,3,5,6,7,8,9,10,11
1,2,3,5,6,7,8,10,11,12
2,3,5,6,7,8,9,10,11,12
1,2,4,5,6,7,8,9,10,11
1,2,3,5,6,7,8,9,10,11
2,3,5,6,7,9,10,11,12,13
1,2,3,4,5,6,7,8,9,10
1,2,3,4,6,7,8,9,10,11
1,2,3,4,5,6,7,8,9,10
1,2,3,5,6,7,8,9,10,11
1,2,3,5,6,7,8,9,10,11
1,2,3,4,5,6,7,8,9,10
1,2,3,4,5,6,7,8,9,10
1,2,5,6,7,8,9,10,11,12
1,2,3,6,7,8,9,10,11,12
2,3,5,6,7,8,9,10,11,12
1,2,3,6,7,8,9,10,11,12
1,2,3,5,6,7,8,9,10,11
1,2,3,4,5,6,7,8,9,10
1,2,4,5,6,7,8,10,11,12
2,3,4,5,6,7,8,9,10,11
1,2,3,4,5,6,7,8,10,11
1,2,4,5,6,7,8,9,10,11
1,2,3,5,6,7,8,9,13,14
2,3,5,6,7,8,10,11,12,13
1,2,3,5,6,7,9,10,11,12
1,2,3,4,5,6,7,8,9,10
1,2,3,5,6,7,8,9,10,11
1,2,3,5,6,7,8,9,10,11
2,3,5,6,9,10,11,12,13,14
1,2,3,4,5,6,7,8,9,10
1,2,3,4,5,6,7,8,9,11
1,2,3,5,6,7,8,10,11,12
1,2,3,4,5,6,7,8,9,10
1,2,3,4,5,6,7,8,9,10
1,2,3,6,7,8,10,11,12,13
1,2,3,6,7,8,9,10,11,12
1,2,3,5,6,7,9,10,11,12
1,2,3,5,6,7,8,9,10,11
1,2,3,4,5,6,7,8,9,10
1,2,3,4,5,6,7,8,9,11
1,2,3,5,6,7,8,10,11,12
1,2,3,5,6,7,9,11,12,13
1,2,3,4,5,6,7,8,9,10
1,2,3,5,6,7,8,9,10,11
1,2,3,5,6,7,8,9,10,11
1,2,3,5,6,7,8,9,10,11
1,2,4,5,6,7,8,10,11,12
1,2,3,4,5,6,7,8,9,10
1,2,3,5,6,7,8,9,10,11
1,2,3,4,5,6,7,8,9,10
1,2,3,6,7,8,9,10,11,12
2,3,5,6,7,8,9,10,11,12
1,2,3,6,7,8,9,10,11,12
1,2,3,5,6,7,9,11,12,13
1,2,3,4,5,6,7,8,10,11
1,2,3,5,6,7,8,9,10,11
1,2,3,5,6,7,8,9,10,11
1,2,3,5,6,7,8,9,10,13
1,2,3,6,7,8,10,11,12,13
1,2,3,4,6,7,8,9,10,11
1,2,3,6,7,8,10,11,12,13
1,2,3,5,6,7,8,9,10,11
1,2,3,6,7,8,9,10,11,12
1,2,6,7,8,10,11,12,13,14
2,3,5,6,7,8,9,10,11,12
1,2,3,5,6,7,8,9,10,11
1,2,3,4,5,6,7,8,9,10
1,2,3,5,6,7,8,9,10,11
1,2,3,5,6,7,8,10,11,12
1,2,3,5,6,7,8,9,10,11
1,2,3,5,6,7,8,9,10,11
1,2,3,4,6,7,8,9,10,11
1,2,3,5,6,7,8,10,11,12
1,2,3,5,6,7,8,9,11,12
1,2,3,6,7,8,9,10,11,12
1,2,3,4,5,6,7,8,9,10
1,2,3,5,6,7,8,9,10,11
1,2,3,4,5,6,7,8,9,10
1,2,3,4,5,6,7,8,9,10
1,2,3,5,6,7,8,9,10,11
1,2,3,4,6,7,8,9,10,11
1,2,3,4,5,6,7,8,9,10
1,2,3,5,6,7,8,9,10,11
1,2,3,5,6,7,8,9,10,11
1,2,3,5,6,7,8,10,11,12
1,2,3,4,5,6,7,8,9,10
1,2,3,5,6,7,8,9,11,12
1,2,3,5,6,7,8,9,10,12
1,2,3,5,6,7,8,9,10,11
1,2,3,5,6,7,8,9,10,11
1,2,3,4,5,6,7,8,9,10
1,2,3,6,7,8,10,11,12,13
1,2,3,5,6,7,8,9,10,11
1,2,3,5,6,7,8,9,10,11
1,2,3,5,6,7,8,9,10,11
1,2,3,5,6,7,8,9,10,11
1,2,3,5,6,7,8,9,10,11
1,2,3,4,5,6,7,8,9,10
2,3,5,7,8,9,10,11,12,13
1,2,3,5,6,7,8,9,10,11
1,2,3,6,7,8,9,10,11,12
1,2,3,5,6,7,8,9,10,11
1,2,3,4,5,6,7,8,9,10
1,2,3,4,5,6,7,8,9,10
1,2,3,5,6,7,8,9,11,12
1,2,4,6,7,8,9,10,11,12
1,2,3,4,5,6,7,8,9,10
1,2,3,4,5,6,7,8,9,10
1,2,3,5,6,7,8,9,10,11
1,2,3,6,7,8,9,10,11,12
1,2,3,4,5,6,7,8,9,10
1,2,3,6,7,8,9,10,11,12
1,2,6,7,8,10,11,12,13,14
2,3,5,6,7,8,9,10,11,12
1,2,5,6,7,8,9,10,11,12
1,2,3,4,5,6,7,8,9,11
1,2,3,5,6,7,8,9,13,14
1,2,3,4,5,6,7,8,9,10
2,3,6,7,8,9,10,11,12,13
2,3,5,6,7,9,13,15,16,17
1,2,3,4,5,6,7,8,9,10
1,2,3,5,6,7,8,9,10,11
1,2,3,4,5,6,7,8,9,10
2,3,5,6,7,8,9,10,11,12
1,2,3,5,6,7,8,9,10,11
1,2,3,6,7,8,9,10,11,12
2,3,5,6,7,8,9,10,11,13
1,2,3,5,6,7,8,9,10,11
2,3,5,6,7,8,9,10,11,12
1,2,3,4,5,6,7,8,9,10
1,2,3,5,6,7,8,9,10,11
1,2,3,5,6,7,8,9,10,11
1,2,4,5,6,7,8,9,10,11
1,2,3,4,6,7,8,9,10,11
1,2,3,5,6,7,8,9,10,11
1,2,3,5,6,7,8,9,10,12
1,2,3,4,5,6,7,8,9,10
1,2,3,6,7,8,9,10,12,13
1,2,3,5,6,7,8,9,10,12
1,2,3,4,5,6,7,8,9,11
1,2,3,4,5,6,7,8,10,11
1,2,3,6,7,8,9,10,11,12
1,2,3,6,7,8,9,10,11,12
1,2,3,5,6,7,8,9,10,11
1,2,3,4,5,6,7,8,9,10
1,2,3,5,6,7,8,9,10,11
1,2,3,5,6,7,8,9,10,11
1,2,3,5,6,7,8,9,10,11
1,2,3,6,7,8,9,10,11,12
1,2,3,4,5,6,7,8,9,10
1,2,3,4,5,6,7,8,9,10
1,2,3,5,6,7,8,9,10,11
1,2,3,5,6,7,8,9,10,11
1,2,3,5,6,7,8,9,11,13
1,2,3,4,5,6,7,8,9,10
1,2,3,5,6,7,8,10,11,12
2,3,6,7,8,9,10,11,12,13
1,2,3,4,5,6,7,8,10,11
1,2,3,6,7,8,9,10,11,12
1,2,3,6,7,8,9,10,11,12
1,2,3,6,7,8,9,10,11,12
1,2,3,5,6,7,8,9,10,11
1,2,5,6,7,8,9,10,11,12
1,2,3,4,5,6,7,8,9,10
1,2,3,4,6,7,8,10,11,12
1,2,3,6,7,8,9,10,11,12
2,3,5,6,7,8,9,10,11,12
2,3,5,6,7,8,9,10,11,12
1,2,3,4,5,6,7,8,9,10
1,2,3,4,5,6,7,8,9,10
1,2,3,6,7,8,9,10,11,12
1,2,3,5,6,7,8,9,10,11
2,3,5,6,7,8,9,10,11,12
1,2,3,5,6,7,8,9,10,11
1,2,3,5,6,7,8,9,11,13
1,2,3,4,5,6,7,8,9,10
2,3,4,5,6,7,8,9,10,11
1,2,3,6,7,8,10,11,12,13
1,2,3,5,6,7,8,10,11,12
1,2,3,5,6,7,8,9,10,11
1,2,3,4,5,6,7,8,9,10
1,2,3,6,7,8,9,10,11,12
1,2,3,5,6,7,8,10,11,12
1,2,3,5,6,7,8,9,10,11
1,2,3,5,6,7,8,9,10,11
1,2,3,4,5,6,7,8,9,10
1,2,3,4,5,6,7,8,9,10
1,2,3,5,6,7,8,9,10,11
1,2,3,5,6,7,8,9,10,11
1,2,3,4,5,6,7,8,9,10
1,2,3,5,6,7,9,10,11,12
1,2,3,5,6,7,8,9,10,11
1,2,3,4,5,6,7,8,9,10
1,2,3,4,5,6,7,8,9,11
1,2,4,5,6,7,8,9,10,11
1,2,3,4,6,7,8,10,11,12
1,2,3,4,5,6,7,8,9,10
2,5,6,7,8,9,10,11,12,13
1,2,3,4,5,6,7,8,9,10
1,2,3,5,6,7,8,9,10,11
1,2,3,5,6,7,8,9,10,11
1,2,3,4,6,7,8,9,10,11
1,2,4,5,6,7,8,9,10,11
1,2,3,5,6,7,8,9,10,11
1,2,3,5,6,7,8,9,10,11
1,2,3,4,6,7,8,9,10,11
1,2,3,4,5,6,7,8,9,10
1,2,3,4,5,6,7,8,9,10
2,3,5,6,7,8,9,10,11,12
1,2,3,5,6,7,8,9,10,11
1,2,4,6,7,8,10,11,12,13
1,2,3,5,6,7,8,9,10,11
2,3,5,6,7,8,10,11,12,13
2,3,5,6,7,8,9,11,12,13
1,2,3,5,6,7,8,9,10,11
1,2,3,5,6,7,8,9,11,13
1,2,3,5,6,7,8,9,10,11
1,2,3,4,5,6,7,8,9,10
1,2,3,4,5,6,7,8,9,10
1,2,3,5,6,7,8,9,10,12
1,2,3,4,5,6,7,8,9,10
1,2,3,4,5,6,7,8,9,10
2,3,6,7,8,9,10,11,12,13
1,2,6,7,8,9,10,11,12,13
1,2,3,4,5,6,7,8,9,10
1,2,3,4,5,6,7,8,9,10
1,2,3,4,5,6,7,8,9,13
2,4,5,6,7,8,10,11,12,13
1,2,3,4,5,6,7,8,9,10
1,2,3,4,5,6,7,8,9,10
1,2,3,6,7,8,9,10,11,12
1,5,6,7,8,10,11,12,13,14
1,2,3,4,5,6,7,8,9,10
1,2,3,4,5,6,7,8,9,10
1,2,3,6,7,8,9,10,11,12
2,3,5,6,7,8,9,10,11,12
1,2,3,5,6,7,8,9,11,12
2,3,5,6,7,8,9,10,12,13
1,2,3,4,5,6,7,8,9,10
1,2,3,4,5,6,7,8,9,10
1,2,3,5,6,7,8,9,10,11
1,2,3,4,5,6,7,8,9,10
1,2,3,5,6,7,8,9,11,13
1,2,3,4,5,6,7,8,9,10
1,2,3,5,6,7,8,9,10,11
1,2,3,5,6,7,8,9,10,11
1,2,3,4,5,6,7,8,9,10
1,2,4,6,7,8,9,10,11,12
1,2,3,4,5,6,7,8,9,10
1,2,3,6,7,8,9,10,11,12
1,2,3,5,6,7,8,9,10,11
2,3,5,6,7,8,9,10,11,12
2,3,6,7,8,9,10,11,12,13
1,2,3,4,5,6,7,8,9,10
1,2,3,4,5,6,7,8,9,10
1,2,4,5,6,7,8,9,10,11
1,2,3,5,6,7,8,9,10,11
1,2,3,4,5,6,7,8,9,10
1,2,3,5,6,7,8,9,11,12
2,3,5,6,7,8,9,10,11,12
2,3,5,6,7,8,9,10,11,12
1,2,3,5,6,7,8,9,10,11
1,2,3,5,6,7,8,10,11,12
1,2,3,5,6,7,8,9,10,11
2,3,5,6,7,9,10,11,13,15
1,2,3,4,5,6,7,8,9,10
2,3,5,6,7,8,9,10,11,12
2,3,6,7,8,9,10,11,12,13
1,2,3,5,6,7,8,9,10,11
1,2,3,4,5,6,7,8,9,10
2,3,4,5,6,7,8,9,10,11
1,2,4,5,6,7,8,10,11,12
1,2,3,5,6,7,8,9,10,11
1,2,3,4,5,6,7,8,10,11
2,3,6,7,8,9,10,11,12,13
1,2,3,4,5,6,7,8,9,10
1,2,3,5,6,7,8,9,10,11
1,2,3,4,5,6,7,8,9,11
1,2,3,5,6,7,8,9,10,11
2,3,5,6,7,8,10,11,12,13
1,2,3,5,6,7,8,10,11,12
1,2,3,5,6,7,8,9,11,12
1,2,3,4,5,6,7,8,9,10
1,2,3,4,5,6,7,8,9,10
1,2,3,5,6,7,8,9,10,11
1,2,3,6,7,8,9,10,11,12
1,2,3,5,6,7,8,9,11,13
1,2,3,4,5,6,7,8,9,10
1,2,3,5,6,7,8,9,10,11
1,2,3,5,6,7,8,9,10,11
1,2,3,5,6,7,8,10,11,12
1,2,3,5,6,7,8,9,10,11
1,2,4,5,6,7,8,9,10,11
1,2,3,5,6,7,8,9,10,11
1,2,3,4,5,6,7,8,9,10
1,2,3,4,5,6,7,8,9,10
1,2,3,6,7,8,9,10,11,12
2,3,5,6,7,8,9,10,11,12
1,2,3,5,6,7,8,9,10,11
1,2,3,5,6,7,8,9,10,11
1,2,3,5,6,7,8,9,10,11
1,2,3,5,6,7,8,9,10,11
1,2,3,4,5,6,7,8,9,10
1,2,3,4,5,6,7,8,9,10
2,3,5,6,7,8,9,10,11,12
2,3,5,6,7,9,11,12,13,14
1,2,3,5,6,7,8,9,10,11
2,4,5,6,7,8,9,10,11,12
1,2,3,4,5,6,7,8,9,10
1,2,4,5,6,7,8,9,10,11
1,2,3,5,6,7,8,9,11,13
1,2,3,5,6,7,8,9,10,11
1,2,3,4,5,6,7,8,10,11
1,2,3,4,5,6,7,8,9,10
2,3,5,6,7,8,10,11,12,13
1,2,3,5,6,7,8,9,10,11
1,2,3,5,6,7,8,9,10,11
1,2,3,5,6,7,8,9,10,12
1,2,3,5,6,7,8,9,10,11
1,2,3,5,6,7,8,9,10,11
1,2,3,4,5,6,7,8,9,10
1,2,3,5,6,7,8,9,10,11
1,2,3,6,7,8,9,10,11,12
1,2,3,5,6,7,8,9,10,11
1,2,3,5,6,7,8,9,10,11
1,2,3,5,6,7,8,9,11,12
1,2,3,5,6,7,8,9,10,11
1,2,3,5,6,7,8,9,10,11
1,2,3,6,7,8,9,10,11,12
1,2,3,6,7,8,9,10,11,12
1,2,3,4,5,6,7,8,10,11
1,2,3,4,5,6,7,8,9,10
1,2,4,5,6,7,8,10,11,12
2,3,5,6,8,9,10,11,14,16
1,2,3,4,5,6,7,8,9,10
1,2,3,5,6,7,8,9,10,11
2,5,6,7,8,9,10,11,12,13
1,2,3,6,7,8,9,10,11,12
1,2,3,6,7,8,9,10,11,12
1,2,3,5,6,7,8,9,10,11
2,3,5,6,7,8,9,10,11,12
1,2,3,5,6,7,8,9,10,11
1,2,3,6,7,8,9,10,11,12
2,3,6,7,8,9,10,11,12,13
1,2,3,5,6,7,8,10,11,12
1,2,3,5,6,7,8,9,11,12
1,2,3,4,5,6,7,8,9,10
1,2,3,5,6,7,8,9,10,11
1,2,3,4,5,6,7,8,9,10
1,2,3,4,5,6,7,8,10,11
1,2,3,5,6,7,8,9,10,11
1,2,3,5,6,7,8,9,10,11
1,2,3,4,5,6,7,8,9,10
1,2,3,4,5,6,7,8,9,10
1,2,3,4,5,6,7,8,9,10
1,2,3,5,6,7,8,9,10,12
1,2,3,4,5,6,7,8,9,10
1,2,3,4,5,6,7,8,9,10
1,2,3,5,6,7,8,9,10,11
1,2,3,5,6,7,8,9,10,11
1,2,3,4,5,6,7,8,9,10
1,2,3,4,6,7,8,10,11,12
1,2,4,6,7,8,9,10,11,12
1,2,3,5,6,7,8,9,10,11
1,2,3,5,6,7,8,9,10,11
1,2,3,6,7,8,9,10,11,12
2,3,4,5,6,7,8,9,10,11
1,2,3,5,6,7,8,9,10,11
1,2,3,4,5,6,7,8,9,10
2,5,6,7,8,9,10,11,12,13
1,2,3,5,6,7,8,9,10,11
2,3,5,6,7,9,10,11,12,14
1,2,3,4,5,6,7,8,9,10
1,2,3,5,6,7,8,9,10,11
1,2,3,5,6,7,8,9,10,11
2,6,7,8,9,10,11,12,13,14
1,2,3,6,7,8,10,11,12,13
1,2,3,5,6,7,8,9,10,11
1,2,3,4,6,7,8,9,10,11
1,2,5,6,7,8,9,10,11,12
1,2,3,4,5,6,7,8,9,10
1,2,3,4,6,7,8,9,10,11
1,2,3,4,5,6,7,8,9,10
2,3,5,6,7,9,10,11,12,13
1,2,3,5,6,7,8,9,10,11
1,2,3,4,5,6,7,8,9,10
1,2,3,5,6,7,8,9,10,11
1,2,3,4,6,7,8,9,10,11
1,2,3,5,6,7,8,10,11,12
1,2,3,5,6,7,8,9,10,11
1,2,3,5,6,7,8,9,10,11
1,2,3,4,5,6,7,8,9,10
1,2,3,4,5,6,7,8,9,10
1,2,3,5,6,7,8,9,10,11
2,3,5,6,7,8,9,10,11,12
1,2,3,4,5,6,7,8,9,10
1,2,3,4,6,7,8,9,10,11
1,2,3,5,6,7,8,9,10,11
1,2,3,5,6,7,8,9,10,11
1,2,3,4,5,6,7,8,9,11
2,3,5,6,7,8,9,11,12,13
1,2,3,5,6,7,8,9,10,11
1,2,3,4,5,6,7,8,9,10
1,2,3,5,6,7,8,9,10,12
1,2,3,5,6,7,8,9,11,12
1,2,3,4,6,7,8,9,10,11
1,2,3,4,6,7,8,9,10,11
1,2,3,4,5,6,7,8,9,11
1,2,3,5,6,7,8,10,11,12
1,2,3,5,6,7,8,9,12,13
1,2,3,5,6,7,8,9,10,11
1,2,3,5,6,7,8,9,10,11
1,2,3,4,5,6,7,8,9,10
1,2,3,5,6,7,8,9,10,11
1,2,3,6,7,8,9,10,11,12
1,2,3,4,5,6,7,8,9,13
1,2,3,5,6,7,8,9,10,11
1,2,5,6,7,8,9,10,11,12
1,2,3,4,6,7,8,9,10,11
1,2,3,4,5,6,7,9,10,11
2,3,5,6,7,8,9,10,11,12
1,2,3,5,6,7,8,10,11,12
1,2,3,5,6,7,8,9,11,13
1,2,3,4,5,6,7,8,9,10
1,2,3,5,6,7,8,9,10,11
1,2,3,5,6,7,8,9,10,11
1,2,3,5,6,7,8,9,10,11
1,2,3,5,6,7,8,9,10,11
1,2,3,5,6,7,8,9,10,11
2,3,4,5,6,7,8,9,10,11
1,2,3,5,6,7,8,9,10,11
1,2,3,4,5,6,7,8,9,10
1,2,3,5,6,7,8,9,11,12
1,2,3,4,5,6,7,8,9,10
2,3,5,6,7,8,9,10,11,12
1,2,3,4,5,6,7,8,9,10
1,2,3,4,5,6,7,8,9,10
1,2,3,5,6,7,8,10,11,12
1,2,3,5,6,7,8,9,10,11
1,2,3,5,6,7,8,9,10,11
2,4,6,7,8,9,10,11,12,13
1,2,3,5,6,7,8,9,10,11
1,2,3,5,6,7,8,9,10,11
1,2,3,6,7,8,10,11,12,13
1,2,3,5,6,7,8,9,10,11
2,3,4,5,6,7,8,9,10,11
1,2,3,6,7,8,9,10,11,12
1,2,3,5,6,7,8,9,10,11
1,2,3,4,5,6,7,8,9,11
1,2,3,6,7,8,9,10,11,12
2,3,5,6,7,8,9,10,11,12
1,2,3,5,6,7,8,9,10,11
1,2,3,5,6,7,8,9,11,13
1,2,3,5,6,7,8,9,10,11
2,3,4,5,6,7,8,9,10,11
2,3,4,6,7,8,9,10,11,12
1,2,3,5,6,7,8,9,11,13
2,3,6,7,8,9,10,11,12,13
1,2,3,6,7,8,9,10,11,12
1,2,3,5,6,7,8,9,10,11
1,2,3,4,5,6,7,8,9,10
1,2,3,5,6,7,8,9,13,14
1,2,3,4,5,6,7,8,9,10
2,3,5,7,8,9,10,11,12,13
1,2,3,4,6,7,8,9,10,11
1,2,3,5,6,7,8,10,11,12
1,2,3,6,7,8,10,11,12,13
1,2,3,5,6,7,8,9,10,11
1,2,5,6,7,8,10,11,12,13
2,3,4,5,6,7,8,10,11,12
1,2,3,6,7,8,9,10,11,12
1,2,4,5,6,7,8,9,10,11
2,3,5,6,7,8,9,10,11,12
2,3,5,6,7,9,10,11,12,13
1,2,3,4,5,6,7,8,10,11
1,2,3,6,7,8,9,10,11,12
1,2,3,4,6,7,8,9,10,11
2,3,5,6,7,8,9,10,11,12
1,2,3,5,6,7,8,9,10,11
1,2,3,4,5,6,7,8,9,10
1,2,3,5,6,7,8,9,10,11
1,2,3,5,6,7,8,9,11,12
1,2,3,5,6,7,8,9,10,11
1,2,3,5,6,7,8,9,10,11
1,2,3,5,6,7,8,10,12,13
1,2,3,5,6,7,8,9,10,11
1,2,3,6,7,8,9,10,11,12
1,2,3,5,6,7,8,9,10,11
1,2,3,4,5,6,7,8,9,10
1,2,3,5,6,7,8,9,10,11
1,2,3,4,5,6,7,8,9,10
1,2,4,6,7,8,10,11,12,13
1,2,3,5,6,7,8,9,10,11
1,2,3,5,6,7,8,9,10,11
1,2,3,4,5,6,7,8,9,10
1,2,3,4,5,6,7,8,9,10
1,2,3,5,6,7,8,10,11,12
1,2,3,5,6,7,8,9,10,11
1,2,3,5,6,7,8,9,10,11
1,2,3,4,6,7,8,9,10,11
1,2,3,6,7,8,9,10,11,12
1,2,3,6,7,8,9,10,11,12
1,2,3,4,5,6,7,8,9,10
1,2,3,5,6,7,8,9,10,11
1,2,3,5,6,7,8,9,10,11
1,2,3,5,6,7,8,9,10,11
1,2,3,5,6,7,8,10,11,12
1,2,3,5,6,7,8,9,10,11
2,3,4,5,6,7,8,9,10,11
1,2,3,4,5,6,7,8,9,10
2,3,5,6,9,10,11,14,15,16
1,2,3,4,5,6,7,8,9,10
2,3,6,7,8,9,10,11,12,13
1,3,5,6,7,8,10,11,12,13
1,2,3,4,6,7,8,10,11,12
2,3,5,6,7,8,9,10,11,12
1,2,3,4,5,6,7,8,9,10
1,2,3,4,5,6,7,8,9,10
1,2,3,5,6,7,8,9,10,11
1,2,3,5,6,7,8,9,10,11
1,2,3,5,6,7,8,9,10,11
1,2,3,5,6,7,8,9,10,11
1,2,3,5,6,7,8,9,10,11
1,2,3,4,5,6,7,8,9,10
1,2,3,6,7,8,9,10,11,12
1,2,3,5,6,7,8,10,11,12
1,2,3,5,6,7,8,10,11,12
1,2,3,6,7,8,9,10,11,12
1,2,3,4,5,6,7,8,9,10
1,2,3,4,5,6,7,8,9,10
1,2,3,4,5,6,7,8,10,11
1,2,3,5,6,7,8,9,11,12
1,2,3,4,5,6,7,8,9,10
1,2,3,5,6,7,8,9,10,11
1,2,3,5,6,7,8,10,11,12
1,2,5,6,7,8,10,11,12,13
1,2,3,6,7,8,9,10,11,12
1,2,3,5,6,7,8,9,10,11
1,2,3,5,6,7,8,9,10,11
1,2,3,5,6,7,8,9,10,11
1,2,3,5,6,7,8,9,10,11
2,5,6,7,8,9,10,11,12,13
1,2,3,5,6,7,8,9,11,12
1,2,3,4,5,6,7,8,9,10
1,2,3,5,6,7,8,10,11,12
1,2,3,5,6,7,8,9,10,11
1,2,3,5,6,7,8,9,11,13
1,2,3,5,6,7,8,9,10,11
1,2,3,5,6,7,8,9,11,13
2,3,4,5,6,7,8,9,10,11
2,3,5,6,7,8,9,10,11,12
1,2,3,4,5,6,7,8,9,10
1,2,3,4,5,6,7,8,9,11
1,2,3,5,6,7,8,9,10,11
1,2,3,5,6,7,8,9,11,13
1,2,3,6,7,8,9,10,11,12
1,2,3,5,6,7,8,9,10,11
1,2,3,5,6,7,8,9,10,11
1,2,3,5,6,7,8,9,10,11
1,2,3,4,5,6,7,8,9,10
1,2,3,6,7,8,9,10,11,12
1,2,3,5,6,7,8,9,10,11
1,2,3,5,6,7,8,9,10,11
1,2,3,4,5,6,7,8,9,10
1,2,3,5,6,7,10,11,12,13
1,2,3,5,6,7,8,9,10,11
1,2,3,5,6,7,8,9,10,11
1,2,6,7,8,10,11,12,13,14
1,2,3,4,5,6,7,8,9,10
1,2,3,4,5,6,7,8,9,10
1,2,3,6,7,8,9,10,11,12
1,2,3,4,5,6,7,8,9,10
1,2,3,6,7,8,9,10,12,13
1,2,3,5,6,7,8,10,11,12
2,3,4,6,7,8,9,10,11,12
1,2,3,5,6,7,8,9,10,11
1,2,3,4,5,6,7,8,9,10
1,2,3,6,7,8,9,10,11,12
1,2,3,5,6,7,8,9,10,11
1,2,3,4,5,6,7,8,9,10
1,2,3,6,7,8,9,10,11,12
1,2,3,4,5,6,7,8,9,10
1,2,3,4,5,6,7,8,9,10
2,3,6,7,8,9,10,11,12,13
1,2,3,4,5,6,7,8,9,10
1,2,3,4,5,6,7,8,9,10
1,2,3,5,6,7,8,9,10,11
1,3,4,5,6,7,8,9,10,12
1,2,3,7,8,9,10,11,12,13
1,2,3,4,5,6,7,8,9,10
1,2,3,5,6,7,8,9,10,11
1,2,3,6,7,8,9,10,11,12
1,2,3,6,7,8,9,10,11,12
2,3,5,6,7,8,9,10,11,12
1,2,3,5,6,7,8,9,11,13
1,2,3,5,6,7,8,9,10,11
1,2,3,5,6,7,8,9,10,11
2,3,4,6,7,8,9,10,11,12
2,3,6,7,8,10,11,12,13,14
2,3,4,5,6,7,8,9,10,11
1,2,3,5,6,7,8,9,10,11
1,2,3,5,6,7,8,9,11,12
1,2,3,5,6,7,8,10,12,13
1,2,3,5,6,7,8,9,10,11
1,2,3,5,6,7,8,9,10,11
1,2,3,5,6,7,8,9,10,11
1,5,6,7,8,9,10,11,12,13
2,3,5,6,7,8,9,10,11,12
1,2,3,5,6,7,8,9,10,11
1,2,3,6,7,8,10,11,12,13
1,2,3,5,6,7,8,10,11,12
2,3,4,5,6,7,8,9,10,11
1,2,3,5,6,7,8,9,10,11
1,2,3,5,6,7,8,9,10,11
1,2,3,5,6,7,8,9,10,11
1,2,3,5,6,7,8,9,10,11
1,2,3,4,5,6,7,8,9,10
1,2,3,6,7,8,9,10,11,12
1,2,3,4,5,6,7,8,9,10
1,2,3,5,6,7,9,10,11,12
1,2,3,5,6,7,8,9,10,11
2,3,6,8,9,10,12,13,14,16
1,2,3,4,5,6,7,8,9,10
1,2,3,4,5,6,7,8,9,10
1,2,3,5,6,7,8,9,10,11
1,2,3,5,6,7,8,9,10,11
1,2,3,5,6,7,8,9,10,11
1,2,3,5,6,7,8,9,10,11
1,2,3,4,5,6,7,8,9,10
1,2,3,4,5,6,7,8,9,10
1,2,3,5,6,7,8,9,10,11
1,2,3,4,5,6,7,8,9,10
1,2,3,5,6,7,8,9,10,11
1,2,3,4,5,6,7,8,9,10
1,2,3,5,6,7,8,9,10,12
1,2,3,6,7,8,9,10,11,12
1,3,6,7,8,9,10,12,13,14
1,2,3,5,6,7,8,9,10,11
1,2,3,5,6,7,8,9,11,12
1,2,3,5,6,7,9,11,12,13
1,2,3,5,6,7,8,9,10,12
1,2,3,4,5,6,7,8,9,10
1,2,3,6,7,8,10,11,12,13
1,2,3,4,5,6,7,8,9,10
1,2,3,5,6,7,8,9,10,11
2,3,5,6,7,8,9,10,11,12
1,2,3,5,6,7,8,9,10,11
1,2,3,6,7,8,9,10,11,12
1,2,3,4,5,6,7,8,9,10
1,2,3,5,6,7,8,9,11,12
1,2,3,5,6,7,8,9,10,11
1,2,3,5,6,7,9,10,11,12
1,2,3,4,5,6,7,8,9,11
1,2,3,5,6,7,8,9,10,11
1,2,3,5,6,7,8,9,10,11
1,2,3,4,5,6,7,8,9,10
1,2,3,6,7,8,9,10,11,12
1,2,3,4,5,6,7,8,9,10
1,2,3,5,6,7,8,9,10,11
1,2,3,4,5,6,7,8,9,11
1,2,3,5,6,7,8,9,10,11
1,2,3,6,7,8,9,10,11,12
1,2,3,4,5,6,7,8,9,11
1,2,3,5,6,7,8,9,10,11
1,2,3,4,5,6,7,8,9,10
1,2,3,5,6,7,8,9,10,11
1,2,3,4,5,6,7,8,9,10
1,2,3,4,5,6,7,8,9,10
1,2,3,5,6,7,8,9,10,11
1,2,3,4,5,6,7,8,9,10
1,2,3,4,5,6,7,8,9,10
1,2,5,6,7,8,9,10,11,12
1,2,3,5,6,8,9,10,11,12
1,2,3,5,6,7,8,9,10,11
1,2,3,4,5,6,7,8,9,10
1,2,3,4,5,6,7,8,9,10
1,2,3,5,6,7,8,11,12,13
1,2,3,4,5,7,8,9,10,11
1,2,3,6,7,8,9,10,11,12
2,3,5,6,7,8,9,10,11,12
1,5,6,7,8,9,10,11,12,13
1,2,5,6,7,8,9,10,11,12
1,2,6,7,8,9,10,11,12,13
1,2,3,4,5,6,7,8,9,10
1,2,3,4,5,6,7,8,9,10
1,2,3,5,6,7,8,9,10,11
1,2,3,5,6,7,8,9,10,11
1,2,3,5,6,7,8,9,10,11
1,2,3,4,5,6,7,8,9,10
1,2,3,6,7,8,9,10,11,12
1,2,3,4,5,6,7,8,9,10
1,2,3,5,6,7,8,9,10,11
1,2,3,5,6,7,8,10,11,12
1,2,3,4,6,7,8,9,10,11
1,2,3,5,6,7,8,9,11,13
1,2,3,4,5,6,7,8,9,10
1,2,3,6,7,8,9,10,11,12
1,2,3,5,6,7,8,9,10,11
1,2,3,4,5,6,7,8,9,10
1,2,3,5,6,7,8,9,11,13
1,2,3,4,5,6,7,8,9,10
1,2,3,6,7,8,9,10,11,12
1,2,3,6,7,8,9,10,11,12
1,2,3,6,7,8,9,10,11,12
1,2,3,5,6,7,8,9,10,12
1,2,3,5,6,7,8,9,10,11
1,2,3,5,6,7,8,9,10,11
1,2,3,5,6,7,8,9,10,11
1,2,4,6,7,8,9,10,11,12
1,2,3,5,6,7,8,9,10,11
1,2,3,5,6,7,8,9,10,11
1,2,3,4,5,6,7,8,9,10
1,2,3,5,6,7,8,9,10,11
1,2,3,5,6,7,8,9,10,11
1,2,3,6,7,8,9,10,11,12
2,3,6,7,8,9,10,11,12,13
1,2,3,5,6,7,8,9,10,11
1,2,3,5,6,7,8,10,11,12
1,2,3,4,5,6,7,8,9,10
1,2,3,5,6,7,8,9,10,11
1,2,3,5,6,7,8,9,10,11
1,2,3,6,7,8,9,10,11,12
1,2,3,4,5,6,7,8,9,10
2,3,5,6,7,8,9,10,11,12
1,2,3,5,6,7,8,9,10,11
1,2,3,6,7,8,9,10,11,12
1,2,3,5,6,7,8,9,10,11
1,2,3,5,6,7,8,9,10,11
1,2,3,5,6,7,8,9,10,11
1,2,3,4,5,6,7,8,10,11
1,2,3,4,5,6,7,8,9,10
2,3,5,6,7,8,9,10,11,12
1,2,3,5,6,7,8,10,11,12
1,2,3,6,7,8,9,10,11,12
1,2,3,4,5,6,7,8,9,10
1,2,3,6,7,8,9,10,11,12
1,2,3,5,6,7,8,9,10,11
1,2,3,6,7,8,9,10,11,12
2,3,6,7,8,9,10,11,12,13
1,2,3,5,6,7,8,9,10,11
1,2,3,5,6,7,8,9,10,11
1,2,4,5,6,7,8,9,10,11
1,2,3,4,5,6,7,8,9,10
1,2,3,4,5,6,7,8,9,10
1,2,3,4,5,6,7,8,9,10
1,2,3,5,6,7,8,9,10,11
1,2,3,5,6,7,8,9,10,11
2,3,5,6,9,11,12,14,18,20
1,2,3,5,6,7,8,9,10,11
2,3,6,7,8,9,10,11,12,13
1,2,3,4,6,7,8,9,10,11
1,2,3,5,6,7,8,9,11,12
2,3,5,6,9,10,11,12,13,14
1,2,3,6,7,8,9,10,11,12
1,2,3,4,5,6,7,8,9,10
2,3,4,5,6,7,8,9,10,11
1,2,3,4,5,6,7,8,9,10
2,3,6,7,8,9,10,11,12,13
1,2,3,4,5,6,7,8,9,10
2,3,5,6,7,8,9,10,11,12
1,2,3,5,6,7,8,9,10,11
2,3,5,6,7,8,9,10,11,12
1,2,3,4,5,6,7,8,9,10
1,2,3,4,5,6,7,8,9,10
1,2,3,5,6,7,8,9,10,11
1,2,3,5,6,7,8,9,10,11
1,2,3,4,5,6,7,8,9,10
1,2,3,5,6,7,8,9,10,11
1,2,4,5,6,7,8,9,10,11
1,2,3,4,5,6,7,8,9,11
1,2,3,4,5,6,7,8,9,10
1,2,3,4,5,6,7,8,9,10
1,2,3,6,7,8,9,10,11,12
1,2,3,5,6,7,8,9,10,11
1,2,3,4,5,6,7,8,9,10
1,2,3,5,6,7,8,9,10,11
1,2,3,4,5,6,7,8,10,11
1,2,3,4,5,6,7,8,9,10
1,2,3,6,7,8,9,10,12,13
1,2,3,4,5,6,7,8,9,10
1,2,3,6,7,8,9,10,11,12
1,2,3,5,6,7,8,10,11,12
1,2,3,4,5,6,7,8,9,10
1,2,3,4,5,6,7,8,9,10
1,2,3,4,5,6,7,8,9,10
1,2,3,6,7,8,9,10,11,12
1,2,3,5,6,7,8,9,10,11
1,2,3,5,6,7,8,9,10,11
1,2,3,6,7,8,9,10,11,12
1,2,3,4,6,7,8,10,11,12
2,3,6,7,8,10,11,12,13,14
2,3,6,7,8,9,10,11,12,13
2,3,5,6,7,8,9,10,11,12
1,2,3,6,7,8,9,10,11,12
1,2,3,6,7,8,9,10,11,12
1,2,3,4,5,6,7,8,9,10
1,2,3,5,6,7,8,9,10,11
1,2,3,4,5,6,7,8,9,10
1,2,3,4,5,6,7,8,9,10
1,2,3,5,6,7,8,9,10,11
1,2,3,6,7,8,9,10,11,12
1,2,3,6,7,8,9,10,11,12
1,2,3,5,6,7,8,9,10,11
2,3,4,6,7,8,9,10,11,12
1,2,5,6,7,8,9,10,11,12
1,2,3,5,6,7,8,9,10,11
1,2,3,5,6,7,8,9,10,11
2,3,5,6,9,10,11,12,13,14
1,2,3,4,5,6,7,8,9,10
1,2,3,4,5,6,7,8,9,10
1,2,3,5,6,7,8,9,10,11
1,2,3,5,6,7,8,9,10,11
1,2,3,5,6,7,8,9,10,11
1,2,3,5,6,7,8,9,10,11
2,3,5,6,7,8,9,10,11,12
1,2,3,5,6,7,8,9,10,11
2,4,5,6,7,8,9,10,11,12
1,2,3,5,6,7,8,9,10,11
1,2,3,5,6,7,8,9,10,11
1,2,3,4,5,6,7,8,9,10
1,2,3,5,6,7,8,9,10,11
1,2,3,4,5,6,7,8,9,10
1,2,3,5,6,7,8,9,10,11
1,2,3,6,7,8,9,10,11,12
1,2,3,5,6,7,8,9,10,11
1,2,3,4,5,6,7,8,9,12
1,2,3,4,5,6,7,8,9,11
1,2,3,5,6,7,10,11,12,13
1,2,3,4,5,6,7,8,9,10
1,2,3,4,5,6,7,8,9,10
1,2,3,5,6,7,8,9,10,11
1,2,3,4,5,6,7,8,10,11
1,2,3,5,6,7,8,9,10,11
1,2,3,4,5,6,7,8,9,10
1,2,3,5,6,7,8,9,10,11
1,2,3,5,6,7,8,9,10,11
1,2,3,5,6,7,8,9,13,14
1,2,3,5,6,7,8,9,10,11
1,2,3,4,5,6,7,8,9,10
1,2,3,5,6,7,8,9,10,11
1,2,3,6,7,8,9,10,11,12
1,2,3,5,6,7,8,9,10,11
1,2,3,4,5,6,7,8,9,10
1,2,3,4,5,6,7,8,9,10
1,2,3,4,6,7,8,9,10,11
1,2,3,4,5,6,7,8,9,10
1,2,3,5,6,7,8,9,10,11
1,2,4,5,6,7,8,9,10,11
1,2,3,5,6,7,8,9,10,11
2,3,5,6,7,8,9,10,11,12
2,3,5,6,7,8,9,10,11,12
1,2,3,5,6,7,8,9,10,11
1,2,3,5,6,7,8,9,10,11
1,2,3,4,5,6,7,8,9,10
1,2,3,5,6,7,8,9,10,11
2,3,5,6,7,11,12,13,14,19
1,2,3,6,7,8,9,10,11,12
1,2,3,4,5,6,7,8,9,10
1,2,3,4,5,6,7,8,9,11
1,2,3,4,5,6,7,8,9,10
2,3,5,6,7,8,9,10,11,12
1,2,3,4,6,7,8,9,10,11
1,2,3,4,5,6,7,8,9,10
1,2,3,5,6,7,8,9,10,12
2,3,5,6,7,8,9,10,11,12
1,2,3,6,7,8,9,10,11,12
1,2,3,5,6,7,8,9,10,11
1,2,3,4,5,6,7,8,9,10
1,3,6,7,8,9,10,12,13,14
2,3,5,6,7,8,9,10,11,12
2,3,6,7,8,9,10,11,12,13
1,2,3,6,7,8,9,10,11,12
1,2,3,5,6,7,8,9,11,13
1,2,3,5,6,7,8,9,10,11
1,2,3,5,6,7,8,9,10,11
1,2,3,5,6,7,8,9,10,11
1,2,3,5,6,7,8,9,10,11
2,3,5,6,7,8,9,10,12,13
1,2,3,6,7,8,10,11,12,13
1,2,3,5,6,7,8,9,12,13
1,2,3,5,6,7,8,9,10,11
2,3,5,6,7,8,9,10,11,12
1,2,3,5,6,7,8,9,10,11
1,2,3,4,5,6,7,8,9,10
1,2,4,5,6,7,8,9,10,11
1,2,3,5,6,7,8,9,10,11
1,2,3,6,7,8,9,10,12,13
1,2,3,6,7,8,9,10,11,12
1,2,3,6,7,8,9,10,11,12
1,2,3,6,7,8,9,10,11,12
1,2,3,5,6,7,8,9,11,13
1,2,3,5,6,7,8,9,11,12
1,2,3,5,6,7,8,9,11,13
2,3,5,6,7,8,9,10,11,12
1,2,4,5,6,7,8,9,10,11
2,3,5,6,7,8,9,10,11,12
1,2,3,4,5,6,7,8,9,11
2,3,6,7,8,9,10,11,12,13
2,3,6,7,8,9,10,11,12,13
1,2,3,4,5,6,7,8,9,10
1,2,3,5,6,7,8,9,10,11
1,2,3,5,6,7,8,10,11,12
1,2,3,5,6,7,8,9,10,11
1,2,5,6,7,8,9,10,11,12
1,2,3,4,6,7,8,10,11,12
1,2,3,4,5,6,7,8,9,10
1,2,3,5,6,7,8,9,10,11
1,2,3,5,6,7,8,9,10,11
1,2,3,5,6,7,8,9,10,11
1,2,3,5,6,7,8,9,10,11
1,2,3,5,6,7,8,9,10,11
1,2,3,4,6,7,8,9,10,11
2,4,5,6,7,8,9,10,11,12
2,3,5,6,7,8,9,10,11,12
1,2,3,6,7,8,10,11,12,13
1,2,3,4,5,6,7,8,9,11
2,3,5,6,7,9,10,11,12,13
1,2,3,4,6,7,8,9,10,11
2,3,6,7,8,10,12,13,14,15
1,2,3,6,7,8,9,10,11,12
1,2,3,4,5,6,7,8,9,10
2,3,5,6,7,8,10,11,12,13
1,2,3,4,6,7,8,9,10,11
1,2,3,4,5,6,7,8,9,10
1,2,3,5,6,7,8,9,10,11
1,2,3,5,6,7,8,9,10,11
1,2,3,5,6,7,8,9,10,11
1,2,3,5,6,7,8,9,10,11
1,2,3,5,6,7,8,10,11,12
1,2,3,5,6,7,8,9,10,11
1,2,3,5,6,7,9,10,11,12
2,3,5,6,7,8,9,11,13,14
1,2,3,5,6,7,8,9,10,11
1,2,6,7,8,9,10,11,12,13
1,2,3,5,6,7,8,9,10,11
1,2,3,4,5,6,7,8,9,10
1,2,3,4,5,6,7,8,10,11
1,2,3,6,7,8,9,10,11,12
1,2,3,6,7,8,9,10,11,12
1,2,4,5,6,7,8,10,11,12
1,2,3,5,6,7,8,9,10,11
1,2,3,4,5,6,7,8,9,10
1,2,3,4,5,6,7,8,9,10
1,2,3,4,6,7,8,9,10,11
2,3,6,7,8,9,10,11,12,13
1,2,3,5,6,7,8,9,10,11
1,2,3,5,6,7,8,9,10,11
1,2,3,4,5,6,7,8,9,10
1,2,3,5,6,7,8,9,10,11
1,2,3,4,5,6,7,8,9,11
2,3,6,7,8,9,10,11,12,13
1,2,3,6,7,8,9,10,11,12
1,2,3,6,7,8,10,11,12,13
1,2,3,5,6,7,8,9,11,12
1,2,3,5,6,7,8,9,10,11
1,2,3,5,6,7,8,9,10,11
2,3,4,5,6,7,8,9,10,11
1,2,3,5,6,7,8,9,10,11
